,Title,Story
0,fed offici say weak data caus weather slow taper,ddUyU0VZz0BRneMioxUPQVP6sIxvM
1,fed charl plosser see high bar chang pace taper,ddUyU0VZz0BRneMioxUPQVP6sIxvM
2,us open stock fall fed offici hint acceler taper,ddUyU0VZz0BRneMioxUPQVP6sIxvM
3,fed risk fall behind curv charl plosser say,ddUyU0VZz0BRneMioxUPQVP6sIxvM
4,fed plosser nasti weather curb job growth,ddUyU0VZz0BRneMioxUPQVP6sIxvM
5,plosser fed may acceler taper pace,ddUyU0VZz0BRneMioxUPQVP6sIxvM
6,fed plosser taper pace may slow,ddUyU0VZz0BRneMioxUPQVP6sIxvM
7,fed plosser expect us unemploy fall end,ddUyU0VZz0BRneMioxUPQVP6sIxvM
8,us job growth last month hit weather fed presid charl plosser,ddUyU0VZz0BRneMioxUPQVP6sIxvM
9,ecb unlik end sterilis smp purchas trader,dPhGU51DcrolUIMxbRm0InaHGA2XM
10,ecb unlik end steril smp purchas trader,dPhGU51DcrolUIMxbRm0InaHGA2XM
11,eu half bake bank union could work,dPhGU51DcrolUIMxbRm0InaHGA2XM
12,europ reach crunch point bank union,dPhGU51DcrolUIMxbRm0InaHGA2XM
13,ecb focu stronger euro drown ecb messag keep rate low,dPhGU51DcrolUIMxbRm0InaHGA2XM
14,eu aim deal tackl fail bank,dPhGU51DcrolUIMxbRm0InaHGA2XM
15,forex pound drop one month low euro,dPhGU51DcrolUIMxbRm0InaHGA2XM
16,noyer say strong euro creat unwarr econom pressur,dPhGU51DcrolUIMxbRm0InaHGA2XM
17,eu week ahead march bank resolut transpar ukrain,dPhGU51DcrolUIMxbRm0InaHGA2XM
18,ecb member noyer open kind tool,dPhGU51DcrolUIMxbRm0InaHGA2XM
19,euro anxieti wane bund top treasuri spain debt ralli,dPhGU51DcrolUIMxbRm0InaHGA2XM
21,noyer say stronger euro creat unwarr pressur economi,dPhGU51DcrolUIMxbRm0InaHGA2XM
22,bad loan trigger key featur ecb bank test announc sourc,dPhGU51DcrolUIMxbRm0InaHGA2XM
23,china trade deficit structur worri europ among main issu,dPhGU51DcrolUIMxbRm0InaHGA2XM
24,thing need know morn,dPhGU51DcrolUIMxbRm0InaHGA2XM
25,ecb noyer happi euro strength updat,dPhGU51DcrolUIMxbRm0InaHGA2XM
26,eurozon bank sovereign exposur hit new high,dPhGU51DcrolUIMxbRm0InaHGA2XM
27,ecb reveal bad loan hurdl euro zone bank test,dPhGU51DcrolUIMxbRm0InaHGA2XM
28,forex market eur usd retreat year high stronger euro seen,dPhGU51DcrolUIMxbRm0InaHGA2XM
29,refil bad loan trigger key featur ecb bank test announc sourc,dPhGU51DcrolUIMxbRm0InaHGA2XM
30,updat ecb reveal bad loan hurdl euro zone bank test sourc,dPhGU51DcrolUIMxbRm0InaHGA2XM
31,ecb reveal bad loan hurdl euro zone bank test sourc,dPhGU51DcrolUIMxbRm0InaHGA2XM
32,ecb requir tougher call bad loan definit,dPhGU51DcrolUIMxbRm0InaHGA2XM
33,ecb reveal bad loan hurdl bank test,dPhGU51DcrolUIMxbRm0InaHGA2XM
34,thing need know open bell,dPhGU51DcrolUIMxbRm0InaHGA2XM
35,central bank must contain threat low price ecb noyer,dPhGU51DcrolUIMxbRm0InaHGA2XM
36,updat central bank must contain threat low price noyer,dPhGU51DcrolUIMxbRm0InaHGA2XM
37,ecb noyer say happi euro rise,dPhGU51DcrolUIMxbRm0InaHGA2XM
38,ecb noyer low inflat may hamper adjust,dPhGU51DcrolUIMxbRm0InaHGA2XM
39,ecb christian noyer say happi euro rise,dPhGU51DcrolUIMxbRm0InaHGA2XM
40,sterl one month low ecb polici stanc lift euro,dPhGU51DcrolUIMxbRm0InaHGA2XM
41,eu aim deal tackl fail bank next week,dPhGU51DcrolUIMxbRm0InaHGA2XM
42,fail bank focu eu talk,dPhGU51DcrolUIMxbRm0InaHGA2XM
43,busi growth euro zone rise month high,dPhGU51DcrolUIMxbRm0InaHGA2XM
44,poke eurozon bear,dPhGU51DcrolUIMxbRm0InaHGA2XM
45,ecb unlock door euro strength data allow,dPhGU51DcrolUIMxbRm0InaHGA2XM
46,omega cooperman say ebay spin portion paypal cnbc,dxyGGb4iN9Cs9aMZTKQpJeoiQfruM
47,ebay icahn talk smack,dxyGGb4iN9Cs9aMZTKQpJeoiQfruM
48,way,dxyGGb4iN9Cs9aMZTKQpJeoiQfruM
49,ebay spin paypal make sens,dxyGGb4iN9Cs9aMZTKQpJeoiQfruM
50,carl icahn rift hurt ebay ebay,dxyGGb4iN9Cs9aMZTKQpJeoiQfruM
51,ebay reject icahn slate director,dxyGGb4iN9Cs9aMZTKQpJeoiQfruM
52,carl icahn ebay sharehold lost billion ceo,dxyGGb4iN9Cs9aMZTKQpJeoiQfruM
53,ebay sharehold vote icahn nomine,dxyGGb4iN9Cs9aMZTKQpJeoiQfruM
54,ebay reject icahn board nomine ask investor,dxyGGb4iN9Cs9aMZTKQpJeoiQfruM
55,icahn target ebay chief donaho compani reject board slate,dxyGGb4iN9Cs9aMZTKQpJeoiQfruM
56,tech stock ebay icahn keep trade punch,dxyGGb4iN9Cs9aMZTKQpJeoiQfruM
57,ebay ask sharehold vote carl icahn board nomine,dxyGGb4iN9Cs9aMZTKQpJeoiQfruM
58,ebay ask sharehold vote icahn board nomine,dxyGGb4iN9Cs9aMZTKQpJeoiQfruM
59,ebay icahn keep trade punch,dxyGGb4iN9Cs9aMZTKQpJeoiQfruM
60,ebay reject icahn board pick activist strike,dxyGGb4iN9Cs9aMZTKQpJeoiQfruM
61,ebay ask sharehold vote paypal split icahn claim ceo,dxyGGb4iN9Cs9aMZTKQpJeoiQfruM
62,ebay reject carl icahn director nomine urg reelect director,dxyGGb4iN9Cs9aMZTKQpJeoiQfruM
63,ebay ceo donaho pay drop million,dxyGGb4iN9Cs9aMZTKQpJeoiQfruM
64,ebay reject carl icahn board nomine say attack fals,dxyGGb4iN9Cs9aMZTKQpJeoiQfruM
65,ebay reject carl icahn board nomine ask investor,dxyGGb4iN9Cs9aMZTKQpJeoiQfruM
66,ebay john donaho talk icahn conflict stock price someday,dxyGGb4iN9Cs9aMZTKQpJeoiQfruM
67,ebay urgest sharehold reject icahn board nomine,dxyGGb4iN9Cs9aMZTKQpJeoiQfruM
68,carl icahn slam ebay ceo,dxyGGb4iN9Cs9aMZTKQpJeoiQfruM
69,icahn claim inexcus incompet ebay ceo cost stockhold billion,dxyGGb4iN9Cs9aMZTKQpJeoiQfruM
71,updat ebay reject icahn board nomine ask investor,dxyGGb4iN9Cs9aMZTKQpJeoiQfruM
72,ebay reject icahn board nomine urg investor,dxyGGb4iN9Cs9aMZTKQpJeoiQfruM
73,carl icahn donaho cost ebay investor b,dxyGGb4iN9Cs9aMZTKQpJeoiQfruM
74,ebay urg sharehold vote icahn board nomine,dxyGGb4iN9Cs9aMZTKQpJeoiQfruM
75,ebay ask stockhold oppos icahn nomine,dxyGGb4iN9Cs9aMZTKQpJeoiQfruM
76,ebay say carl icahn board pick qualifi,dxyGGb4iN9Cs9aMZTKQpJeoiQfruM
77,mcdonald struggl worsen snow,d4lvRcSzuglGdFMmqvT6ZGcG8vDlM
78,food mcdonald game plan win back custom,d4lvRcSzuglGdFMmqvT6ZGcG8vDlM
79,mcdonald report drop februari global sale,d4lvRcSzuglGdFMmqvT6ZGcG8vDlM
80,mcdonald game plan win back custom,d4lvRcSzuglGdFMmqvT6ZGcG8vDlM
81,mcdonald sale declin chain look adapt chang tast,d4lvRcSzuglGdFMmqvT6ZGcG8vDlM
82,thing watch mcdonald fight boost us sale,d4lvRcSzuglGdFMmqvT6ZGcG8vDlM
83,mcdonald sale dip amid shift eat habit,d4lvRcSzuglGdFMmqvT6ZGcG8vDlM
84,mcdonald sale dip amid shift eat habit worsen snow,d4lvRcSzuglGdFMmqvT6ZGcG8vDlM
85,mcdonald februari us sale chill weather,d4lvRcSzuglGdFMmqvT6ZGcG8vDlM
86,mcdonald us sale fall per cent februari chain look adapt,d4lvRcSzuglGdFMmqvT6ZGcG8vDlM
87,mcdonald corpor mcd februari sale result declin,d4lvRcSzuglGdFMmqvT6ZGcG8vDlM
89,mcdonald tri build burger menu,d4lvRcSzuglGdFMmqvT6ZGcG8vDlM
90,mcdonald us sale continu struggl februari,d4lvRcSzuglGdFMmqvT6ZGcG8vDlM
91,piec chicken nugget help mcdonald revers us sale declin,d4lvRcSzuglGdFMmqvT6ZGcG8vDlM
92,burn mcdonald busi heat februari,d4lvRcSzuglGdFMmqvT6ZGcG8vDlM
93,mcdonald februari restaur sale fall,d4lvRcSzuglGdFMmqvT6ZGcG8vDlM
94,mcdonald post weak februari sale result,d4lvRcSzuglGdFMmqvT6ZGcG8vDlM
95,updat mcdonald us sale continu struggl februari,d4lvRcSzuglGdFMmqvT6ZGcG8vDlM
96,mcdonald sale slip american eat habit shift,d4lvRcSzuglGdFMmqvT6ZGcG8vDlM
97,five guy chipotl continu take bite mcdonald sale,d4lvRcSzuglGdFMmqvT6ZGcG8vDlM
98,mcdonald report lower us sale amid bitter cold winter,d4lvRcSzuglGdFMmqvT6ZGcG8vDlM
99,mcdonald lovin us sale,d4lvRcSzuglGdFMmqvT6ZGcG8vDlM
100,mcdonald report percent drop februari sale u percent,d4lvRcSzuglGdFMmqvT6ZGcG8vDlM
101,mcdonald februari sale slip us weak,d4lvRcSzuglGdFMmqvT6ZGcG8vDlM
102,mcdonald februari restaur sale fall percent,d4lvRcSzuglGdFMmqvT6ZGcG8vDlM
103,mcdonald sale tank februari,d4lvRcSzuglGdFMmqvT6ZGcG8vDlM
104,mcdonald sale slump fourth straight month,d4lvRcSzuglGdFMmqvT6ZGcG8vDlM
105,mcdonald blame weak sale weather,d4lvRcSzuglGdFMmqvT6ZGcG8vDlM
106,mcdonald februari sale threaten first quarter margin,d4lvRcSzuglGdFMmqvT6ZGcG8vDlM
107,mcdonald us sale fall per cent februari hamper bad,d4lvRcSzuglGdFMmqvT6ZGcG8vDlM
108,mcdonald report februari global compar sale,d4lvRcSzuglGdFMmqvT6ZGcG8vDlM
109,stock market live blog p retreat record downbeat china data,dchKRTV8vDviyCMH_lfUDTuFThh_M
110,wall street edg lower record boe drag,dchKRTV8vDviyCMH_lfUDTuFThh_M
111,five year stock meltdown cleveland area compani,dchKRTV8vDviyCMH_lfUDTuFThh_M
112,weak china export weigh stock hit commod,dchKRTV8vDviyCMH_lfUDTuFThh_M
113,earn season dow earli look,dchKRTV8vDviyCMH_lfUDTuFThh_M
114,us stock dip weak asian data ukrain,dchKRTV8vDviyCMH_lfUDTuFThh_M
115,major averag climb low remain red,dchKRTV8vDviyCMH_lfUDTuFThh_M
116,disappoint chines trade data weigh wall street us commentari,dchKRTV8vDviyCMH_lfUDTuFThh_M
117,stock fall weak china export data,dchKRTV8vDviyCMH_lfUDTuFThh_M
118,global growth worri may pressur stock,dchKRTV8vDviyCMH_lfUDTuFThh_M
119,stock slip investor keep eye asia,dchKRTV8vDviyCMH_lfUDTuFThh_M
120,stock midday weak china export data,dchKRTV8vDviyCMH_lfUDTuFThh_M
121,midday market stat boe compani pressur dow jone industri,dchKRTV8vDviyCMH_lfUDTuFThh_M
122,wall street edg lower p record close,dchKRTV8vDviyCMH_lfUDTuFThh_M
123,wall st asian data,dchKRTV8vDviyCMH_lfUDTuFThh_M
124,stock market news march market news,dchKRTV8vDviyCMH_lfUDTuFThh_M
125,u stock open lower subdu trade dow jone,dchKRTV8vDviyCMH_lfUDTuFThh_M
126,stock see modest weak earli trade u commentari,dchKRTV8vDviyCMH_lfUDTuFThh_M
127,today stock market djia dow jone industri averag nasdaq p,dchKRTV8vDviyCMH_lfUDTuFThh_M
128,us stock open lower weak asian data ukrain,dchKRTV8vDviyCMH_lfUDTuFThh_M
129,stock slip slightli,dchKRTV8vDviyCMH_lfUDTuFThh_M
130,major averag post modest loss earli trade,dchKRTV8vDviyCMH_lfUDTuFThh_M
131,wall street edg lower record,dchKRTV8vDviyCMH_lfUDTuFThh_M
132,us stock wall street edg lower record boe drag,dchKRTV8vDviyCMH_lfUDTuFThh_M
133,bull market celebr th birthday parti,dchKRTV8vDviyCMH_lfUDTuFThh_M
134,market snapshot us stock held back china last week move,dchKRTV8vDviyCMH_lfUDTuFThh_M
135,market hustl stock fall weak asian data ukrain ga tension,dchKRTV8vDviyCMH_lfUDTuFThh_M
136,asia worri send stock slide,dchKRTV8vDviyCMH_lfUDTuFThh_M
137,us stock open lower weak asian data,dchKRTV8vDviyCMH_lfUDTuFThh_M
138,stock fall slightli open,dchKRTV8vDviyCMH_lfUDTuFThh_M
139,dow jone industri averag year stock market crash anniversari direxion,dchKRTV8vDviyCMH_lfUDTuFThh_M
140,dow averag sinc,dchKRTV8vDviyCMH_lfUDTuFThh_M
141,wall st open lower p record close,dchKRTV8vDviyCMH_lfUDTuFThh_M
142,us stock snapshot wall st open lower p record close,dchKRTV8vDviyCMH_lfUDTuFThh_M
143,buyer bewar bull market lift stock,dchKRTV8vDviyCMH_lfUDTuFThh_M
144,us stock held back china last week move,dchKRTV8vDviyCMH_lfUDTuFThh_M
145,dow jone transport averag push higher,dchKRTV8vDviyCMH_lfUDTuFThh_M
146,futur point lower open wall street,dchKRTV8vDviyCMH_lfUDTuFThh_M
147,dow jone industri averag gain last week,dchKRTV8vDviyCMH_lfUDTuFThh_M
148,stock may come pressur disappoint chines data u,dchKRTV8vDviyCMH_lfUDTuFThh_M
149,wall street open lower p record close,dchKRTV8vDviyCMH_lfUDTuFThh_M
150,u futur mix lower chines data weigh dow jone,dchKRTV8vDviyCMH_lfUDTuFThh_M
151,market analysi global growth worri may pressur stock,dchKRTV8vDviyCMH_lfUDTuFThh_M
152,stock futur edg lower weak chines export data,dchKRTV8vDviyCMH_lfUDTuFThh_M
153,stock market news march,dchKRTV8vDviyCMH_lfUDTuFThh_M
154,market hustl stock futur slide amid weak china trade data,dchKRTV8vDviyCMH_lfUDTuFThh_M
155,today stock market news earn calendar,dchKRTV8vDviyCMH_lfUDTuFThh_M
156,us stock wall st dip open record china data,dchKRTV8vDviyCMH_lfUDTuFThh_M
157,us futur lower record high,dchKRTV8vDviyCMH_lfUDTuFThh_M
158,stock futur dip asia selloff,dchKRTV8vDviyCMH_lfUDTuFThh_M
159,dow jone industri averag point lower data china japan disappoint,dchKRTV8vDviyCMH_lfUDTuFThh_M
160,stock futur slip weak china data,dchKRTV8vDviyCMH_lfUDTuFThh_M
161,us stock futur edg lower record high china data,dchKRTV8vDviyCMH_lfUDTuFThh_M
162,uncertain mood prevail wall street,dchKRTV8vDviyCMH_lfUDTuFThh_M
163,futur suggest slow start follow mix week quarterli earn,dchKRTV8vDviyCMH_lfUDTuFThh_M
164,stock futur eas chines trade payrol compet,dchKRTV8vDviyCMH_lfUDTuFThh_M
165,chase stock five year old bull,dchKRTV8vDviyCMH_lfUDTuFThh_M
166,open bell march asian market slump,dchKRTV8vDviyCMH_lfUDTuFThh_M
167,predict new week,dchKRTV8vDviyCMH_lfUDTuFThh_M
168,dow hate stock,dchKRTV8vDviyCMH_lfUDTuFThh_M
169,week top dow stock,dchKRTV8vDviyCMH_lfUDTuFThh_M
170,bull market rival half valuat demand broaden,dI9ljXtoQ1MVO0MS9Jal_UwOprebM
171,bull still charg five year,dI9ljXtoQ1MVO0MS9Jal_UwOprebM
172,secular bull market aris shadow,dI9ljXtoQ1MVO0MS9Jal_UwOprebM
173,u stock index futur littl chang p record,dI9ljXtoQ1MVO0MS9Jal_UwOprebM
174,us stock fall commod share lead drop china,dI9ljXtoQ1MVO0MS9Jal_UwOprebM
175,winner loser bull market,dI9ljXtoQ1MVO0MS9Jal_UwOprebM
176,despit obstacl bull market turn,dI9ljXtoQ1MVO0MS9Jal_UwOprebM
177,come next bull market turn five,dI9ljXtoQ1MVO0MS9Jal_UwOprebM
178,happi th birthday bull market,dI9ljXtoQ1MVO0MS9Jal_UwOprebM
179,morn moneybeat bull market make six,dI9ljXtoQ1MVO0MS9Jal_UwOprebM
180,bull market meant europ,dI9ljXtoQ1MVO0MS9Jal_UwOprebM
182,despit crise year bull market may keep run,dI9ljXtoQ1MVO0MS9Jal_UwOprebM
183,despit mani obstacl bull market run turn,dI9ljXtoQ1MVO0MS9Jal_UwOprebM
184,despit sever obstacl bull market make year,dI9ljXtoQ1MVO0MS9Jal_UwOprebM
185,bull market charg sixth year,dI9ljXtoQ1MVO0MS9Jal_UwOprebM
186,bull market turn break bubbl,dI9ljXtoQ1MVO0MS9Jal_UwOprebM
187,bull market mark th birthday,dI9ljXtoQ1MVO0MS9Jal_UwOprebM
188,best stock bull market,dI9ljXtoQ1MVO0MS9Jal_UwOprebM
189,worst stock bull market,dI9ljXtoQ1MVO0MS9Jal_UwOprebM
190,bull stock go,dI9ljXtoQ1MVO0MS9Jal_UwOprebM
191,bull market celebr th birthday fourth longest run p stock sinc,dI9ljXtoQ1MVO0MS9Jal_UwOprebM
192,happi birthday bull,dI9ljXtoQ1MVO0MS9Jal_UwOprebM
193,huge year fund return misl,dI9ljXtoQ1MVO0MS9Jal_UwOprebM
194,bull market still sizzl,dI9ljXtoQ1MVO0MS9Jal_UwOprebM
195,five year anniversari stock market crash week,dI9ljXtoQ1MVO0MS9Jal_UwOprebM
196,stock mark five year anniversari low record high,dI9ljXtoQ1MVO0MS9Jal_UwOprebM
197,stock bull market need live th year,dI9ljXtoQ1MVO0MS9Jal_UwOprebM
198,bitcoin exchang mt gox seek us bankruptci relief,d85PwV5UxEUaHMM0to00pLgkAXkbM
199,mt gox file us bankruptci halt class action,d85PwV5UxEUaHMM0to00pLgkAXkbM
200,bitcoin exchang mt gox file us bankruptci protect,d85PwV5UxEUaHMM0to00pLgkAXkbM
201,hacker claim mt gox ceo mark karpel held stolen custom bitcoin,d85PwV5UxEUaHMM0to00pLgkAXkbM
202,mt gox file us chapter bankruptci,d85PwV5UxEUaHMM0to00pLgkAXkbM
203,get gox mt gox us bankruptci hacker attack,d85PwV5UxEUaHMM0to00pLgkAXkbM
204,report mt gox ceo hold stolen bitcoin,d85PwV5UxEUaHMM0to00pLgkAXkbM
205,mt gox saga got way twist,d85PwV5UxEUaHMM0to00pLgkAXkbM
206,hacker take mt gox ceo blog post claim evid fraud,d85PwV5UxEUaHMM0to00pLgkAXkbM
207,updat mt gox file us bankruptci halt class action,d85PwV5UxEUaHMM0to00pLgkAXkbM
208,mt gox chief stole bitcoin hacker claim,d85PwV5UxEUaHMM0to00pLgkAXkbM
210,mt gox file us bankruptci,d85PwV5UxEUaHMM0to00pLgkAXkbM
211,mt gox file chapter bankruptci protect us,d85PwV5UxEUaHMM0to00pLgkAXkbM
212,anonym hacker claim mtgox still stolen bitcoin,d85PwV5UxEUaHMM0to00pLgkAXkbM
213,mt gox file chapter bankruptci us,d85PwV5UxEUaHMM0to00pLgkAXkbM
214,mt gox bitcoin exchang file bankruptci u hacker reveal,d85PwV5UxEUaHMM0to00pLgkAXkbM
215,hacker alleg mt gox head control stolen bitcoin fraud commit,d85PwV5UxEUaHMM0to00pLgkAXkbM
216,mt gox file us bankruptci protect,d85PwV5UxEUaHMM0to00pLgkAXkbM
217,mt gox seek us court protect japan bankruptci,d85PwV5UxEUaHMM0to00pLgkAXkbM
218,bitcoin exchang mt gox file bankruptci us,d85PwV5UxEUaHMM0to00pLgkAXkbM
219,hacker claim bankrupt mt gox still custom bitcoin,d85PwV5UxEUaHMM0to00pLgkAXkbM
220,hacker accus mt gox pocket user bitcoin,d85PwV5UxEUaHMM0to00pLgkAXkbM
222,rpt mt gox file us bankruptci protect,d85PwV5UxEUaHMM0to00pLgkAXkbM
223,mt gox seek u court shield japan bankruptci,d85PwV5UxEUaHMM0to00pLgkAXkbM
224,bitcoin exchang seek u bankruptci protect,d85PwV5UxEUaHMM0to00pLgkAXkbM
225,hacker leak mt gox databas reveal blog former ceo,d85PwV5UxEUaHMM0to00pLgkAXkbM
226,hacker accus mt gox bitcoin fraud hack,d85PwV5UxEUaHMM0to00pLgkAXkbM
227,bitcoin mt gox crash hacker claim mark karpel lie bitcoin balanc,d85PwV5UxEUaHMM0to00pLgkAXkbM
228,mtgox fraud evid hack publish complet bitcoin wallet,d85PwV5UxEUaHMM0to00pLgkAXkbM
229,mt gox botcoin exchang file bankruptci us,d85PwV5UxEUaHMM0to00pLgkAXkbM
230,hacker claim mt gox sat stolen bitcoin,d85PwV5UxEUaHMM0to00pLgkAXkbM
231,mt gox file us bankruptci amid new hacker claim,d85PwV5UxEUaHMM0to00pLgkAXkbM
232,hack doc prove mtgox million bitcoin claim blog snatcher,d85PwV5UxEUaHMM0to00pLgkAXkbM
233,mt gox file bankruptci us,d85PwV5UxEUaHMM0to00pLgkAXkbM
234,mtgox boss mark karpel target hacker,d85PwV5UxEUaHMM0to00pLgkAXkbM
235,mtgox fraud detail ceo hack blog,d85PwV5UxEUaHMM0to00pLgkAXkbM
236,mt gox stolen bitcoin million,d85PwV5UxEUaHMM0to00pLgkAXkbM
237,mt gox ceo still control stolen bitcoin,d85PwV5UxEUaHMM0to00pLgkAXkbM
238,hacker claim evid fraud surround mt gox closur,d85PwV5UxEUaHMM0to00pLgkAXkbM
239,mt gox mark karpel target alleg bitcoin hack,d85PwV5UxEUaHMM0to00pLgkAXkbM
240,bitcoin exchang mt gox file us bankruptci,d85PwV5UxEUaHMM0to00pLgkAXkbM
241,daili docket mt gox file chapter,d85PwV5UxEUaHMM0to00pLgkAXkbM
242,hacker dox mt gox ceo say proof fraud,d85PwV5UxEUaHMM0to00pLgkAXkbM
243,mt gox ceo blog hack allegedli reveal compani true bitcoin balanc,d85PwV5UxEUaHMM0to00pLgkAXkbM
244,trust bitcoin,d85PwV5UxEUaHMM0to00pLgkAXkbM
245,mt gox ceo person blog hack,d85PwV5UxEUaHMM0to00pLgkAXkbM
246,mt gox custom hack karpal account post evid alleg fraud,d85PwV5UxEUaHMM0to00pLgkAXkbM
247,bitcoin credibl balanc woe spread,d85PwV5UxEUaHMM0to00pLgkAXkbM
248,australian bitcoin trader burnt mt gox crash,d85PwV5UxEUaHMM0to00pLgkAXkbM
249,hacker call mt gox ceo liar say still control stolen bitcoin,d85PwV5UxEUaHMM0to00pLgkAXkbM
250,mt gox face attack per second report,d85PwV5UxEUaHMM0to00pLgkAXkbM
251,mt gox file chapter u,d85PwV5UxEUaHMM0to00pLgkAXkbM
252,bitcoin exchang mt gox hit ddo attack per second,d85PwV5UxEUaHMM0to00pLgkAXkbM
253,hacker allegedli hit mt gox ceo blog post balanc remain bitcoin,d85PwV5UxEUaHMM0to00pLgkAXkbM
254,hacker hit web account mtgox boss,d85PwV5UxEUaHMM0to00pLgkAXkbM
255,hacker reveal mt gox face behind mask,d85PwV5UxEUaHMM0to00pLgkAXkbM
256,mt gox ceo blog goe blank alleg hack,d85PwV5UxEUaHMM0to00pLgkAXkbM
257,bankrupt exchang mt gox still million bitcoin hacker claim,d85PwV5UxEUaHMM0to00pLgkAXkbM
258,hacker alleg mt gox ceo still control stolen bitcoin,d85PwV5UxEUaHMM0to00pLgkAXkbM
259,hacker claim mt gox still sit bitcoin,d85PwV5UxEUaHMM0to00pLgkAXkbM
260,cryptocurr news round mt gox lie bitcoin gun store dogecoin,d85PwV5UxEUaHMM0to00pLgkAXkbM
261,hacker claim mtgox still access miss bitcoin,d85PwV5UxEUaHMM0to00pLgkAXkbM
262,mt gox face ddo attack per second ahead crash report,d85PwV5UxEUaHMM0to00pLgkAXkbM
263,mt gox ceo blog hack databas leak claim k bitcoin,d85PwV5UxEUaHMM0to00pLgkAXkbM
264,hacker break mt gox ceo blog reveal custom bitcoin balanc,d85PwV5UxEUaHMM0to00pLgkAXkbM
265,bitcoin exchang mtgox face attack per second,d85PwV5UxEUaHMM0to00pLgkAXkbM
266,bitcoin exchang face mountain hacker attack,d85PwV5UxEUaHMM0to00pLgkAXkbM
267,mt gox ceo blog hack,d85PwV5UxEUaHMM0to00pLgkAXkbM
268,op ed onlin exchang lehman term ebay rescu,d85PwV5UxEUaHMM0to00pLgkAXkbM
269,investor warn bet digit currenc,d85PwV5UxEUaHMM0to00pLgkAXkbM
270,bitcoin oversight volatil uncertainti,d85PwV5UxEUaHMM0to00pLgkAXkbM
271,investor warn invest digit currenc,d85PwV5UxEUaHMM0to00pLgkAXkbM
272,q bitcoin,d85PwV5UxEUaHMM0to00pLgkAXkbM
273,mt gox hacker post bitcoin balanc ceo blog,d85PwV5UxEUaHMM0to00pLgkAXkbM
274,mt gox field massiv ddo attack collaps,d85PwV5UxEUaHMM0to00pLgkAXkbM
275,mt gox hack allegedli reveal bitcoin balanc custom account total,d85PwV5UxEUaHMM0to00pLgkAXkbM
276,report mt gox hit k time per second ddo attack theft,d85PwV5UxEUaHMM0to00pLgkAXkbM
277,mt gox collaps shatter bitcoin myth virtual money,d85PwV5UxEUaHMM0to00pLgkAXkbM
278,hacker attack bankrupt bitcoin exchang,d85PwV5UxEUaHMM0to00pLgkAXkbM
279,hacker claim publish evid fraud bitcoin exchang mt gox,d85PwV5UxEUaHMM0to00pLgkAXkbM
280,massiv hack attack reveal,d85PwV5UxEUaHMM0to00pLgkAXkbM
281,mt gox ceo blog hack alleg bitcoin balanc post,d85PwV5UxEUaHMM0to00pLgkAXkbM
282,mt gox face attack per second,d85PwV5UxEUaHMM0to00pLgkAXkbM
283,anonym hacker uncov alleg proof mtgox fraud site ceo,d85PwV5UxEUaHMM0to00pLgkAXkbM
284,bitcoin enthusiasm weather chaotic week,d85PwV5UxEUaHMM0to00pLgkAXkbM
285,bitcoin exchang mtgox face hack attack everi second,d85PwV5UxEUaHMM0to00pLgkAXkbM
286,mtgox face attack second,d85PwV5UxEUaHMM0to00pLgkAXkbM
287,hacker hit mt gox exchang ceo claim publish evid fraud,d85PwV5UxEUaHMM0to00pLgkAXkbM
288,bitcoin enthusiast weather chaotic week,d85PwV5UxEUaHMM0to00pLgkAXkbM
289,state destroy bitcoin,d85PwV5UxEUaHMM0to00pLgkAXkbM
290,bitcoin mt gox,d85PwV5UxEUaHMM0to00pLgkAXkbM
291,currenc take bit bit northeast,d85PwV5UxEUaHMM0to00pLgkAXkbM
292,mt gox hit massiv ddo attack,d85PwV5UxEUaHMM0to00pLgkAXkbM
293,insid mt gox,d85PwV5UxEUaHMM0to00pLgkAXkbM
294,bitcoin exchang face hacker onslaught,d85PwV5UxEUaHMM0to00pLgkAXkbM
295,mtgox face k ddo attack per second say report,d85PwV5UxEUaHMM0to00pLgkAXkbM
296,bitcoin exchang mtgox face attack per second report,d85PwV5UxEUaHMM0to00pLgkAXkbM
297,mtgox face attack per second say report,d85PwV5UxEUaHMM0to00pLgkAXkbM
298,bitcoin refus flip,d85PwV5UxEUaHMM0to00pLgkAXkbM
299,bitcoin legal illeg currenc commod,d85PwV5UxEUaHMM0to00pLgkAXkbM
300,color money bitcoin trendi riski investor,d85PwV5UxEUaHMM0to00pLgkAXkbM
301,uk first bitcoin machin open east london cafe,d85PwV5UxEUaHMM0to00pLgkAXkbM
302,japan struggl understand bitcoin mt gox collaps,d85PwV5UxEUaHMM0to00pLgkAXkbM
303,bitcoin govern peopl,d85PwV5UxEUaHMM0to00pLgkAXkbM
304,uk first bitcoin machin open london tech hub,d85PwV5UxEUaHMM0to00pLgkAXkbM
305,bitcoin cash machin appear london tech citi,d85PwV5UxEUaHMM0to00pLgkAXkbM
306,bitcoin bank deposit secur,d85PwV5UxEUaHMM0to00pLgkAXkbM
307,post parvez jabri,d85PwV5UxEUaHMM0to00pLgkAXkbM
308,forget mt gox bitcoin still futur currenc,d85PwV5UxEUaHMM0to00pLgkAXkbM
309,uk first bitcoin machin open london cafe,d85PwV5UxEUaHMM0to00pLgkAXkbM
310,japan say bitcoin currenc amid call regul,d85PwV5UxEUaHMM0to00pLgkAXkbM
311,bank bitcoin,d85PwV5UxEUaHMM0to00pLgkAXkbM
312,japan say bitcoin currenc taxabl,d85PwV5UxEUaHMM0to00pLgkAXkbM
313,bitcoin use southwest florida busi,d85PwV5UxEUaHMM0to00pLgkAXkbM
314,week mt gox collaps japan struggl understand bitcoin,d85PwV5UxEUaHMM0to00pLgkAXkbM
315,bitcoin charg florida man may proceed judg rule,d85PwV5UxEUaHMM0to00pLgkAXkbM
316,imagin futur bitcoin,d85PwV5UxEUaHMM0to00pLgkAXkbM
317,land rise bitcoin japan realiz center,d85PwV5UxEUaHMM0to00pLgkAXkbM
318,bitcoin backer enjoy rise stake amid attack hacker,d85PwV5UxEUaHMM0to00pLgkAXkbM
319,digit currenc stay whether bitcoin someth els oliv,d85PwV5UxEUaHMM0to00pLgkAXkbM
321,major bank look bitcoin,d85PwV5UxEUaHMM0to00pLgkAXkbM
322,japanes govern come hard digit currenc bitcoin,d85PwV5UxEUaHMM0to00pLgkAXkbM
323,week mt gox collaps japan struggl understand,d85PwV5UxEUaHMM0to00pLgkAXkbM
324,uk first bitcoin digit cash machin goe live east london cafe,d85PwV5UxEUaHMM0to00pLgkAXkbM
325,uk first bitcoin cash machin launch shoreditch,d85PwV5UxEUaHMM0to00pLgkAXkbM
326,japan bitcoin money may tax,d85PwV5UxEUaHMM0to00pLgkAXkbM
327,mta worker kill hudson line train,dEMAAHOiiULKoTMlQ5PeakjabUaYM
328,death metro north worker track renew safeti concern,dEMAAHOiiULKoTMlQ5PeakjabUaYM
329,metro north worker kill train,dEMAAHOiiULKoTMlQ5PeakjabUaYM
330,metro north worker yonker kill struck train,dEMAAHOiiULKoTMlQ5PeakjabUaYM
331,metro north worker kill hudson line train head poughkeepsi,dEMAAHOiiULKoTMlQ5PeakjabUaYM
332,ntsb death metro north worker investig,dEMAAHOiiULKoTMlQ5PeakjabUaYM
333,metro north employe kill train harlem identifi,dEMAAHOiiULKoTMlQ5PeakjabUaYM
334,metro north worker struck kill train,dEMAAHOiiULKoTMlQ5PeakjabUaYM
335,metro north work kill harlem,dEMAAHOiiULKoTMlQ5PeakjabUaYM
336,metro north worker kill struck harlem line train,dEMAAHOiiULKoTMlQ5PeakjabUaYM
337,metro north track worker kill harlem,dEMAAHOiiULKoTMlQ5PeakjabUaYM
338,poughkeepsi bound metro north train strike kill railroad employe track,dEMAAHOiiULKoTMlQ5PeakjabUaYM
339,metro north railroad worker kill train manhattan,dEMAAHOiiULKoTMlQ5PeakjabUaYM
340,metro north worker struck kill train bound poughkeepsi,dEMAAHOiiULKoTMlQ5PeakjabUaYM
341,metro north worker struck kill east harlem train,dEMAAHOiiULKoTMlQ5PeakjabUaYM
343,metro north worker die hit train work track east,dEMAAHOiiULKoTMlQ5PeakjabUaYM
344,mta metro north employe struck kill east harlem,dEMAAHOiiULKoTMlQ5PeakjabUaYM
345,metro north worker kill work track nyc,dEMAAHOiiULKoTMlQ5PeakjabUaYM
346,metro north worker struck kill train nyc passeng resum trip,dEMAAHOiiULKoTMlQ5PeakjabUaYM
347,new york metro north worker struck kill train,dEMAAHOiiULKoTMlQ5PeakjabUaYM
348,track worker kill metro north train mta say,dEMAAHOiiULKoTMlQ5PeakjabUaYM
349,metro north employe struck kill train work track,dEMAAHOiiULKoTMlQ5PeakjabUaYM
350,metro north employe kill train manhattan,dEMAAHOiiULKoTMlQ5PeakjabUaYM
351,metro north worker struck kill train east harlem mta,dEMAAHOiiULKoTMlQ5PeakjabUaYM
352,question bill ackman herbalif profit motiv,dsxeQTqHzsYQzrM7usRl_Shtda-iM
353,persh squar feb,dsxeQTqHzsYQzrM7usRl_Shtda-iM
354,democrat donor william ackman conspir destroy herbalif win billion,dsxeQTqHzsYQzrM7usRl_Shtda-iM
355,press releas persh squar issu statement,dsxeQTqHzsYQzrM7usRl_Shtda-iM
356,ackman bet billion herbalif,dsxeQTqHzsYQzrM7usRl_Shtda-iM
357,herbalif hlf today,dsxeQTqHzsYQzrM7usRl_Shtda-iM
358,herbalif hlf say merit ackman accus,dsxeQTqHzsYQzrM7usRl_Shtda-iM
359,herbalif comment new york time report expos persh squar,dsxeQTqHzsYQzrM7usRl_Shtda-iM
360,reveal bill ackman lobbi bring compani,dsxeQTqHzsYQzrM7usRl_Shtda-iM
361,ackman herbalif,dsxeQTqHzsYQzrM7usRl_Shtda-iM
362,ackman anti herbalif lobbi detail,dsxeQTqHzsYQzrM7usRl_Shtda-iM
363,herbalif ltd hlf news herbalif need know fact come,dsxeQTqHzsYQzrM7usRl_Shtda-iM
364,persh squar present inform highlight herbalif illeg busi,dsxeQTqHzsYQzrM7usRl_Shtda-iM
365,ackman outspent herbalif lobbi battl,dsxeQTqHzsYQzrM7usRl_Shtda-iM
366,hedg fund engag herbalif multibillion dollar feud,dsxeQTqHzsYQzrM7usRl_Shtda-iM
367,herbalif ltd hlf spent lobbi bill ackman,dsxeQTqHzsYQzrM7usRl_Shtda-iM
368,weil financ bill ackman keep hope aliv,dsxeQTqHzsYQzrM7usRl_Shtda-iM
369,without trace,dsxeQTqHzsYQzrM7usRl_Shtda-iM
370,herbalif lobbi tab near million,dsxeQTqHzsYQzrM7usRl_Shtda-iM
371,gap fall fashion abercrombi pick pace,dsxeQTqHzsYQzrM7usRl_Shtda-iM
372,ackman dwarf herbalif spend lobbi battl,dsxeQTqHzsYQzrM7usRl_Shtda-iM
373,american airlin jetblu end partnership agreement,dqGernbFbzJ9-vM23ku_IW3-I2IPM
374,top four us carrier saw flight ground storm,dqGernbFbzJ9-vM23ku_IW3-I2IPM
375,american airlin jetblu end agreement,dqGernbFbzJ9-vM23ku_IW3-I2IPM
376,break connect american airlin jetblu sever agreement,dqGernbFbzJ9-vM23ku_IW3-I2IPM
377,american jetblu end interlin agreement,dqGernbFbzJ9-vM23ku_IW3-I2IPM
378,american airlin jetblu end interlin sale agreement reciproc,dqGernbFbzJ9-vM23ku_IW3-I2IPM
379,american airlin say storm caus feb flight cancel,dqGernbFbzJ9-vM23ku_IW3-I2IPM
380,american airlin jetblu end agreement allow connect,dqGernbFbzJ9-vM23ku_IW3-I2IPM
381,jetblu add nonstop servic washington dc,dqGernbFbzJ9-vM23ku_IW3-I2IPM
382,american airlin jetblu end interlin pact,dqGernbFbzJ9-vM23ku_IW3-I2IPM
383,american jetblu end interlin frequent travel program,dqGernbFbzJ9-vM23ku_IW3-I2IPM
384,delta expect first quarter profit despit hit winter storm,dqGernbFbzJ9-vM23ku_IW3-I2IPM
385,american airlin jetblu end ticket partnership,dqGernbFbzJ9-vM23ku_IW3-I2IPM
386,american airlin jetblu end agreement itinerari chang,dqGernbFbzJ9-vM23ku_IW3-I2IPM
387,american airlin cut tie jetblu,dqGernbFbzJ9-vM23ku_IW3-I2IPM
388,major u airlin tote effect winter storm,dqGernbFbzJ9-vM23ku_IW3-I2IPM
389,american drop februari flight due storm,dqGernbFbzJ9-vM23ku_IW3-I2IPM
390,american drop feb flight due storm,dqGernbFbzJ9-vM23ku_IW3-I2IPM
391,american airlin jetblu le divorc,dqGernbFbzJ9-vM23ku_IW3-I2IPM
393,bad weather prompt american cancel flight februari,dqGernbFbzJ9-vM23ku_IW3-I2IPM
394,jetblu airway corp receiv averag rate hold analyst,dqGernbFbzJ9-vM23ku_IW3-I2IPM
395,aa jetblu end ticket agreement,dqGernbFbzJ9-vM23ku_IW3-I2IPM
396,updat american airlin end ticket agreement jetblu,dqGernbFbzJ9-vM23ku_IW3-I2IPM
397,american airlin jetblu end itinerari extens agreement,dqGernbFbzJ9-vM23ku_IW3-I2IPM
398,american airlin end ticket agreement jetblu,dqGernbFbzJ9-vM23ku_IW3-I2IPM
399,american airlin jetblu end interlin agreement,dqGernbFbzJ9-vM23ku_IW3-I2IPM
400,jetblu airplan gate john f kennedi airport new york nov,dqGernbFbzJ9-vM23ku_IW3-I2IPM
401,american airlin jetblu end reciproc frequent flier deal,dqGernbFbzJ9-vM23ku_IW3-I2IPM
402,jetblu american airlin go differ way,dqGernbFbzJ9-vM23ku_IW3-I2IPM
403,american airlin jetblu airway discontinu partnership,dqGernbFbzJ9-vM23ku_IW3-I2IPM
404,american airlin aal load factor fell point feb affirm q prasm,dqGernbFbzJ9-vM23ku_IW3-I2IPM
405,american airlin jetblu airway termin partnership quick fact,dqGernbFbzJ9-vM23ku_IW3-I2IPM
406,american board public transit boom number,dccIdMgK1mPz2OMPNMfHccPwCkkaM
407,transit ridership reach highest level sinc,dccIdMgK1mPz2OMPNMfHccPwCkkaM
408,transit ridership drop portland despit rise u,dccIdMgK1mPz2OMPNMfHccPwCkkaM
409,public transit ridership nation,dccIdMgK1mPz2OMPNMfHccPwCkkaM
410,nation mass transit use trimet,dccIdMgK1mPz2OMPNMfHccPwCkkaM
411,public transit system ky see ridership loss,dccIdMgK1mPz2OMPNMfHccPwCkkaM
412,public transport reach highest level sinc,dccIdMgK1mPz2OMPNMfHccPwCkkaM
413,public transit ridership mostli tenn,dccIdMgK1mPz2OMPNMfHccPwCkkaM
414,american ride public transit record number ridership portland,dccIdMgK1mPz2OMPNMfHccPwCkkaM
415,spit trimet driver face assault union want hostil rider taken,dccIdMgK1mPz2OMPNMfHccPwCkkaM
416,transit ridership back track,dccIdMgK1mPz2OMPNMfHccPwCkkaM
417,mass transit use nation trimet ridership,dccIdMgK1mPz2OMPNMfHccPwCkkaM
418,american use public transit hit highest point year,dccIdMgK1mPz2OMPNMfHccPwCkkaM
419,colorado transit ride record rider growth,dccIdMgK1mPz2OMPNMfHccPwCkkaM
420,public transit boom,dccIdMgK1mPz2OMPNMfHccPwCkkaM
421,american use public transport ever,dccIdMgK1mPz2OMPNMfHccPwCkkaM
422,metro presid lobbi increas feder fund public transit,dccIdMgK1mPz2OMPNMfHccPwCkkaM
423,data american ride public transit record number,dccIdMgK1mPz2OMPNMfHccPwCkkaM
424,record number public transport trip taken,dccIdMgK1mPz2OMPNMfHccPwCkkaM
425,public transport use highest sinc,dccIdMgK1mPz2OMPNMfHccPwCkkaM
426,american hop aboard public transit highest level sinc,dccIdMgK1mPz2OMPNMfHccPwCkkaM
427,apta tout public transit ridership,dccIdMgK1mPz2OMPNMfHccPwCkkaM
428,get bu gu us post record public transit use,dccIdMgK1mPz2OMPNMfHccPwCkkaM
429,american transit ridership hit year high,dccIdMgK1mPz2OMPNMfHccPwCkkaM
430,record number public transit,dccIdMgK1mPz2OMPNMfHccPwCkkaM
431,public transit use reach record high,dccIdMgK1mPz2OMPNMfHccPwCkkaM
432,transit debat continu new report suggest high demand,dccIdMgK1mPz2OMPNMfHccPwCkkaM
433,us american airlin got land right,dccIdMgK1mPz2OMPNMfHccPwCkkaM
434,american ride public buse train subway record number,dccIdMgK1mPz2OMPNMfHccPwCkkaM
435,us post record mass transit use,dccIdMgK1mPz2OMPNMfHccPwCkkaM
436,pollen bird chirp check check way tell spring,dccIdMgK1mPz2OMPNMfHccPwCkkaM
437,public transport highest level sinc,dccIdMgK1mPz2OMPNMfHccPwCkkaM
438,american ride public transit record number interact,dccIdMgK1mPz2OMPNMfHccPwCkkaM
439,american use public transit record number highest ridership sinc,dccIdMgK1mPz2OMPNMfHccPwCkkaM
440,american ride public transit highest level sinc,dccIdMgK1mPz2OMPNMfHccPwCkkaM
441,nearli billion trip public transit mark america highest total,dccIdMgK1mPz2OMPNMfHccPwCkkaM
442,american ride public transport record number,dccIdMgK1mPz2OMPNMfHccPwCkkaM
443,american take public transit record number,dccIdMgK1mPz2OMPNMfHccPwCkkaM
444,metro see increas bu decreas rail ridership,dccIdMgK1mPz2OMPNMfHccPwCkkaM
445,wheel bu go around often,dccIdMgK1mPz2OMPNMfHccPwCkkaM
446,peopl rode public transit last year time last year,dccIdMgK1mPz2OMPNMfHccPwCkkaM
447,report american ride public transit record number,dccIdMgK1mPz2OMPNMfHccPwCkkaM
449,public transit u mani american ride,dccIdMgK1mPz2OMPNMfHccPwCkkaM
450,billion trip taken transit america last year sinc,dccIdMgK1mPz2OMPNMfHccPwCkkaM
451,us public transit ridership highest level sinc,dccIdMgK1mPz2OMPNMfHccPwCkkaM
452,american said ride public transit record number,dccIdMgK1mPz2OMPNMfHccPwCkkaM
453,american ride public transit,dccIdMgK1mPz2OMPNMfHccPwCkkaM
454,american hop aboard public transit record number ridership recov,dccIdMgK1mPz2OMPNMfHccPwCkkaM
455,public transit use highest level sinc,dccIdMgK1mPz2OMPNMfHccPwCkkaM
456,public transit use u year high report find,dccIdMgK1mPz2OMPNMfHccPwCkkaM
457,american use public transit record number,dccIdMgK1mPz2OMPNMfHccPwCkkaM
458,american make journey public transport year,dccIdMgK1mPz2OMPNMfHccPwCkkaM
459,list public transit system big ridership gain,dccIdMgK1mPz2OMPNMfHccPwCkkaM
460,stock slip discourag news asia,dJbOm1zHMJJGWuMjXPV4nRnytnmrM
461,could flight mh rescu bring china japan closer togeth,dJbOm1zHMJJGWuMjXPV4nRnytnmrM
462,stock discourag news asia,dJbOm1zHMJJGWuMjXPV4nRnytnmrM
463,crude drop soft chines trade figur,dJbOm1zHMJJGWuMjXPV4nRnytnmrM
464,us stock market trade lower investor weigh discourag news,dJbOm1zHMJJGWuMjXPV4nRnytnmrM
465,updat oil sink weak china data heat season end,dJbOm1zHMJJGWuMjXPV4nRnytnmrM
467,stock open lower discourag news asia,dJbOm1zHMJJGWuMjXPV4nRnytnmrM
468,us oil plaster weak chines export data end near,dJbOm1zHMJJGWuMjXPV4nRnytnmrM
469,us stock gloomi news asia,dJbOm1zHMJJGWuMjXPV4nRnytnmrM
470,stock slide discourag news asia,dJbOm1zHMJJGWuMjXPV4nRnytnmrM
471,amid concern weak chines japanes econom data market stutter,dJbOm1zHMJJGWuMjXPV4nRnytnmrM
472,wti crude fall sharpli china trade data weigh,dJbOm1zHMJJGWuMjXPV4nRnytnmrM
473,stock move lower discourag news asia,dJbOm1zHMJJGWuMjXPV4nRnytnmrM
474,oil fall around china japan data,dJbOm1zHMJJGWuMjXPV4nRnytnmrM
475,market kept check asian develop,dJbOm1zHMJJGWuMjXPV4nRnytnmrM
476,asian share slip weak china japan data,dJbOm1zHMJJGWuMjXPV4nRnytnmrM
477,brent slide toward chines export,dJbOm1zHMJJGWuMjXPV4nRnytnmrM
478,oil keep bite bear,dJbOm1zHMJJGWuMjXPV4nRnytnmrM
479,us stock market slip midday trade discourag news chines,dJbOm1zHMJJGWuMjXPV4nRnytnmrM
480,oil sink weak chines data end heat season,dJbOm1zHMJJGWuMjXPV4nRnytnmrM
481,us stock move lower gloomi news asia,dJbOm1zHMJJGWuMjXPV4nRnytnmrM
482,china export plung commod worri,dJbOm1zHMJJGWuMjXPV4nRnytnmrM
483,weak data japan china pressur crude oil,dJbOm1zHMJJGWuMjXPV4nRnytnmrM
484,stock slip disappoint asia news,dJbOm1zHMJJGWuMjXPV4nRnytnmrM
485,stock fall discourag news asia,dJbOm1zHMJJGWuMjXPV4nRnytnmrM
486,wall street digest weak china japan data,dJbOm1zHMJJGWuMjXPV4nRnytnmrM
487,crude oil futur slump underwhelm chines export data,dJbOm1zHMJJGWuMjXPV4nRnytnmrM
488,stock open lower gloomi news asia,dJbOm1zHMJJGWuMjXPV4nRnytnmrM
489,sbarro file ch reorgan,dJbOm1zHMJJGWuMjXPV4nRnytnmrM
491,wti brent crude fall china export drop signal slower growth,dJbOm1zHMJJGWuMjXPV4nRnytnmrM
492,oil futur fall china signal demand concern updat,dJbOm1zHMJJGWuMjXPV4nRnytnmrM
493,us stock open lower gloomi news asia,dJbOm1zHMJJGWuMjXPV4nRnytnmrM
494,oil fall china data suppli concern limit declin,dJbOm1zHMJJGWuMjXPV4nRnytnmrM
495,energi report,dJbOm1zHMJJGWuMjXPV4nRnytnmrM
496,stock futur fall discourag news asia,dJbOm1zHMJJGWuMjXPV4nRnytnmrM
497,crude oil drop barrel china japan data show weak trade,dJbOm1zHMJJGWuMjXPV4nRnytnmrM
498,stock lower discourag news asia,dJbOm1zHMJJGWuMjXPV4nRnytnmrM
499,stock open lower earli trade wall street,dJbOm1zHMJJGWuMjXPV4nRnytnmrM
500,us stock market edg lower discourag news chines export,dJbOm1zHMJJGWuMjXPV4nRnytnmrM
501,oil fall china signal demand concern,dJbOm1zHMJJGWuMjXPV4nRnytnmrM
502,world stock tumbl weak china trade lower estim japan growth,dJbOm1zHMJJGWuMjXPV4nRnytnmrM
503,us stock market open weak note discourag news chines,dJbOm1zHMJJGWuMjXPV4nRnytnmrM
504,oil price eas weak chines trade data,dJbOm1zHMJJGWuMjXPV4nRnytnmrM
505,crude brent oil fundament analysi march forecast,dJbOm1zHMJJGWuMjXPV4nRnytnmrM
506,crude oil futur fall china signal demand concern,dJbOm1zHMJJGWuMjXPV4nRnytnmrM
507,oil futur inch china worri,dJbOm1zHMJJGWuMjXPV4nRnytnmrM
508,oil fall us china data,dJbOm1zHMJJGWuMjXPV4nRnytnmrM
509,asia stock tumbl china trade data nikkei fall gdp,dJbOm1zHMJJGWuMjXPV4nRnytnmrM
510,asian share lower china trade data send dour signal,dJbOm1zHMJJGWuMjXPV4nRnytnmrM
511,asian stock tumbl weak china japan data,dJbOm1zHMJJGWuMjXPV4nRnytnmrM
512,nymex us crude dip china data suppli concern cap fall,dJbOm1zHMJJGWuMjXPV4nRnytnmrM
513,pizza maker sbarro file chapter,dKtO7lhuRoSQrcML_ZKdUpeniexeM
514,sbarro file bankruptci protect second time,dKtO7lhuRoSQrcML_ZKdUpeniexeM
515,pizza make sbarro file chapter,dKtO7lhuRoSQrcML_ZKdUpeniexeM
516,pizza chain sbarro file bankruptci,dKtO7lhuRoSQrcML_ZKdUpeniexeM
517,sbarro file second bankruptci protect,dKtO7lhuRoSQrcML_ZKdUpeniexeM
518,sbarro file anoth bankruptci protect,dKtO7lhuRoSQrcML_ZKdUpeniexeM
520,sbarro file nd bankruptci year,dKtO7lhuRoSQrcML_ZKdUpeniexeM
521,updat pizza chain sbarro file bankruptci protect,dKtO7lhuRoSQrcML_ZKdUpeniexeM
522,pizza chain file chapter,dKtO7lhuRoSQrcML_ZKdUpeniexeM
523,dilenschneid advis sbarro chapter,dKtO7lhuRoSQrcML_ZKdUpeniexeM
524,sbarro pizza chain sever restaur alabama file,dKtO7lhuRoSQrcML_ZKdUpeniexeM
525,sbarro closur leav hole mall st matthew food court,dKtO7lhuRoSQrcML_ZKdUpeniexeM
526,sbarro file bankruptci,dKtO7lhuRoSQrcML_ZKdUpeniexeM
528,sbarro file chapter reorgan,dKtO7lhuRoSQrcML_ZKdUpeniexeM
529,sbarro file chapter vow quick recoveri,dKtO7lhuRoSQrcML_ZKdUpeniexeM
530,sbarro pizza chain file bankruptci,dKtO7lhuRoSQrcML_ZKdUpeniexeM
531,rest stop pizza chain sbarro file bankruptci,dKtO7lhuRoSQrcML_ZKdUpeniexeM
532,second time year sbarro file bankruptci,dKtO7lhuRoSQrcML_ZKdUpeniexeM
534,sbarro file second bankruptci three year,dKtO7lhuRoSQrcML_ZKdUpeniexeM
535,pizza maker sbarro file chap bankruptci,dKtO7lhuRoSQrcML_ZKdUpeniexeM
536,dough sbarro pizza file bankruptci second time three,dKtO7lhuRoSQrcML_ZKdUpeniexeM
537,sbarro file bankruptci reorgan second time year,dKtO7lhuRoSQrcML_ZKdUpeniexeM
538,sbarro pizza chain file bankruptci second time three year,dKtO7lhuRoSQrcML_ZKdUpeniexeM
539,sbarro blame less mall traffic store close,dKtO7lhuRoSQrcML_ZKdUpeniexeM
540,burn crisp sbarro file bankruptci,dKtO7lhuRoSQrcML_ZKdUpeniexeM
541,sbarro file chapter bankruptci,dKtO7lhuRoSQrcML_ZKdUpeniexeM
542,sbarro file second ch petit sinc,dKtO7lhuRoSQrcML_ZKdUpeniexeM
543,sbarro file bankrupci nd time year,dKtO7lhuRoSQrcML_ZKdUpeniexeM
544,sbarro close oak court mall eateri file bankruptci protect,dKtO7lhuRoSQrcML_ZKdUpeniexeM
546,sbarro goe bankrupt second time,dKtO7lhuRoSQrcML_ZKdUpeniexeM
547,thing miss sbarro,dKtO7lhuRoSQrcML_ZKdUpeniexeM
548,sbarro return chapter prepack,dKtO7lhuRoSQrcML_ZKdUpeniexeM
549,sbarro seek reorgan bankruptci protect,dKtO7lhuRoSQrcML_ZKdUpeniexeM
550,pizza chain sbarro file ch bankruptci second time,dKtO7lhuRoSQrcML_ZKdUpeniexeM
551,melvil base sbarro pizza chain file bankruptci,dKtO7lhuRoSQrcML_ZKdUpeniexeM
552,sbarro offici file bankruptci protect second time sinc,dKtO7lhuRoSQrcML_ZKdUpeniexeM
553,sbarro pizza file bankruptci,dKtO7lhuRoSQrcML_ZKdUpeniexeM
554,pizza chain sbarro file bankruptci reorgan,dKtO7lhuRoSQrcML_ZKdUpeniexeM
555,mall pizza chain sbarro file chapter bankruptci protect,dKtO7lhuRoSQrcML_ZKdUpeniexeM
556,mall food court favorit file bankruptci,dKtO7lhuRoSQrcML_ZKdUpeniexeM
557,sbarro pizza chain file chapter bankruptci,dKtO7lhuRoSQrcML_ZKdUpeniexeM
558,sbarro declar bankruptci,dKtO7lhuRoSQrcML_ZKdUpeniexeM
559,account news roundup sbarro bankrupt pwc latest buy,dKtO7lhuRoSQrcML_ZKdUpeniexeM
560,sbarro pizza chain file second bankruptci three year,dKtO7lhuRoSQrcML_ZKdUpeniexeM
561,sbarro miss econom recoveri memo file bankruptci,dKtO7lhuRoSQrcML_ZKdUpeniexeM
562,sbarro file chapter bankruptci updat,dKtO7lhuRoSQrcML_ZKdUpeniexeM
563,sbarro pizza close store protect go bankrupt,dKtO7lhuRoSQrcML_ZKdUpeniexeM
565,pizza chain sbarro file bankruptci second time,dKtO7lhuRoSQrcML_ZKdUpeniexeM
566,sbarro pizza chain file chapter,dKtO7lhuRoSQrcML_ZKdUpeniexeM
568,sbarro file second bankruptci mall traffic dwindl,dKtO7lhuRoSQrcML_ZKdUpeniexeM
569,pizza chain sbarro back bankruptci court,dKtO7lhuRoSQrcML_ZKdUpeniexeM
572,sbarro reportedli prepar ch bankruptci,dKtO7lhuRoSQrcML_ZKdUpeniexeM
573,ukrain chines economi weigh,dzARZ-2rFA_38RMsnccLUHtF-_42M
574,financ news updat need know,dzARZ-2rFA_38RMsnccLUHtF-_42M
575,chines economi ukrain weigh,dzARZ-2rFA_38RMsnccLUHtF-_42M
576,lower amid ukrain crisi pessim,dzARZ-2rFA_38RMsnccLUHtF-_42M
577,aust dollar weaker earli trade,dzARZ-2rFA_38RMsnccLUHtF-_42M
578,west hurri loosen russia grip ga,dzARZ-2rFA_38RMsnccLUHtF-_42M
579,updat eu deal blow two big russian ga pipelin project,dzARZ-2rFA_38RMsnccLUHtF-_42M
580,eu delay talk russian pipelin,dzARZ-2rFA_38RMsnccLUHtF-_42M
581,four nation urg u ga export,dzARZ-2rFA_38RMsnccLUHtF-_42M
582,eu deal blow two big russian ga pipelin project,dzARZ-2rFA_38RMsnccLUHtF-_42M
583,europ call us natur ga export,dzARZ-2rFA_38RMsnccLUHtF-_42M
584,ukrain crisi lng stock focu analyst blog,dzARZ-2rFA_38RMsnccLUHtF-_42M
585,canada lng export industri could benefit ukrainian crisi,dzARZ-2rFA_38RMsnccLUHtF-_42M
586,germani depend russian ga pose risk europ,dzARZ-2rFA_38RMsnccLUHtF-_42M
587,ukrain caught russia tussl power west,dzARZ-2rFA_38RMsnccLUHtF-_42M
588,ukrain crisi could good news american natur ga produc,dzARZ-2rFA_38RMsnccLUHtF-_42M
589,white hous export natur ga europ ukrain answer,dzARZ-2rFA_38RMsnccLUHtF-_42M
590,russia could fend us lng plan europ,dzARZ-2rFA_38RMsnccLUHtF-_42M
591,eu put russia ga pipelin talk hold,dzARZ-2rFA_38RMsnccLUHtF-_42M
592,rand paul us anti energi polici empow russian aggress,dzARZ-2rFA_38RMsnccLUHtF-_42M
593,poland urg germani buy less russian ga,dzARZ-2rFA_38RMsnccLUHtF-_42M
594,london warn util exploit ukrainian crisi,dzARZ-2rFA_38RMsnccLUHtF-_42M
595,rice ukrain wake call,dzARZ-2rFA_38RMsnccLUHtF-_42M
596,rand paul plan save ukrain complet nut,dzARZ-2rFA_38RMsnccLUHtF-_42M
597,get involv ukrain,dzARZ-2rFA_38RMsnccLUHtF-_42M
598,credibl threat approach long run deterr russian european,dzARZ-2rFA_38RMsnccLUHtF-_42M
599,persist ukrain crisi may fuel energi polici rejig europ,dzARZ-2rFA_38RMsnccLUHtF-_42M
600,ukrain crisi lng stock focu,dzARZ-2rFA_38RMsnccLUHtF-_42M
601,russia could fend us lng plan,dzARZ-2rFA_38RMsnccLUHtF-_42M
602,german relianc russian ga threat,dzARZ-2rFA_38RMsnccLUHtF-_42M
603,ukrain crisi long term short term effect citi take,dzARZ-2rFA_38RMsnccLUHtF-_42M
604,oil natur ga weapon war,dzARZ-2rFA_38RMsnccLUHtF-_42M
605,armchair warrior wage phoney war,dzARZ-2rFA_38RMsnccLUHtF-_42M
606,russia soviet union,dzARZ-2rFA_38RMsnccLUHtF-_42M
607,energi ukrain sanction equat,dzARZ-2rFA_38RMsnccLUHtF-_42M
608,ukrain russia situat mislead investor,dzARZ-2rFA_38RMsnccLUHtF-_42M
609,russia polit tool gazprom threaten increas ga price,dzARZ-2rFA_38RMsnccLUHtF-_42M
610,wind power natur ga sell intern market,dzARZ-2rFA_38RMsnccLUHtF-_42M
611,capit prevent cold war ukrain nation,dzARZ-2rFA_38RMsnccLUHtF-_42M
612,german relianc russian ga threaten europ,dzARZ-2rFA_38RMsnccLUHtF-_42M
613,capit prevent cold war ukrain,dzARZ-2rFA_38RMsnccLUHtF-_42M
614,ukrain miss payment gazprom risk cut,dzARZ-2rFA_38RMsnccLUHtF-_42M
615,poland german relianc russian ga threaten europ,dzARZ-2rFA_38RMsnccLUHtF-_42M
616,ukrain eu neighbor see us ga russian hedg,dzARZ-2rFA_38RMsnccLUHtF-_42M
617,eu delay south stream talk russia,dzARZ-2rFA_38RMsnccLUHtF-_42M
618,lng export self limit,dzARZ-2rFA_38RMsnccLUHtF-_42M
619,central europ turn us natur ga,dzARZ-2rFA_38RMsnccLUHtF-_42M
620,ukrain russia nonexist us oil natur ga,dzARZ-2rFA_38RMsnccLUHtF-_42M
621,next geopolit horizon,dzARZ-2rFA_38RMsnccLUHtF-_42M
622,eu start prepar sanction russia,dzARZ-2rFA_38RMsnccLUHtF-_42M
623,us urg export lng respons russia ukrain crisi,dzARZ-2rFA_38RMsnccLUHtF-_42M
624,energi weapon,dzARZ-2rFA_38RMsnccLUHtF-_42M
625,eu delay polit talk russia plan south stream pipelin amid,dzARZ-2rFA_38RMsnccLUHtF-_42M
626,eu delay talk new russian pipelin,dzARZ-2rFA_38RMsnccLUHtF-_42M
627,understand realli happen ukrain follow ga line,dzARZ-2rFA_38RMsnccLUHtF-_42M
628,germani depend russian ga risk europ,dzARZ-2rFA_38RMsnccLUHtF-_42M
629,reuter germani depend russian ga pose risk europ say,dzARZ-2rFA_38RMsnccLUHtF-_42M
630,polish pm germani depend russian ga pose risk europ,dzARZ-2rFA_38RMsnccLUHtF-_42M
631,rand paul solut ukrain drill everi possibl conceiv place,dzARZ-2rFA_38RMsnccLUHtF-_42M
632,protest vanish ukrain,dzARZ-2rFA_38RMsnccLUHtF-_42M
633,rand paul would solv ukrain crisi drill everywher oil,dzARZ-2rFA_38RMsnccLUHtF-_42M
634,germani depend russian ga pose risk europ polish pm,dzARZ-2rFA_38RMsnccLUHtF-_42M
635,german relianc russian ga threaten europ say poland,dzARZ-2rFA_38RMsnccLUHtF-_42M
636,german relianc russian ga threaten europ poland,dzARZ-2rFA_38RMsnccLUHtF-_42M
637,ec delay russian south stream ga pipelin talk paper,dzARZ-2rFA_38RMsnccLUHtF-_42M
638,hous bill would allow us export natur ga ukrain europ,dzARZ-2rFA_38RMsnccLUHtF-_42M
639,send america natur ga ukrain,dzARZ-2rFA_38RMsnccLUHtF-_42M
640,washington use ukrain crisi push natur ga export asia,dzARZ-2rFA_38RMsnccLUHtF-_42M
641,rand paul let putin get away,dzARZ-2rFA_38RMsnccLUHtF-_42M
642,washwir daili brief russia ga grip,dzARZ-2rFA_38RMsnccLUHtF-_42M
643,energi market watch diplomat,dzARZ-2rFA_38RMsnccLUHtF-_42M
644,energi matter energi play big role conflict,dzARZ-2rFA_38RMsnccLUHtF-_42M
645,ukrain crisi excus rais energi price,dzARZ-2rFA_38RMsnccLUHtF-_42M
646,prodan price russian ga could stand,dzARZ-2rFA_38RMsnccLUHtF-_42M
647,wall street journal west tri loosen russia ga grip,dzARZ-2rFA_38RMsnccLUHtF-_42M
648,cheney obama gotten credibl alli,dzARZ-2rFA_38RMsnccLUHtF-_42M
649,sen rand paul us must take strong action putin aggress,dzARZ-2rFA_38RMsnccLUHtF-_42M
650,market impact russia crimean adventur,dzARZ-2rFA_38RMsnccLUHtF-_42M
651,nation urg us ga export amid ukrain crisi,dzARZ-2rFA_38RMsnccLUHtF-_42M
652,gazprom warn ukrain ga export cut usd billion,dzARZ-2rFA_38RMsnccLUHtF-_42M
653,aust dollar fall noon,dzARZ-2rFA_38RMsnccLUHtF-_42M
654,lower ukrain worri,dzARZ-2rFA_38RMsnccLUHtF-_42M
655,window westminst,dzARZ-2rFA_38RMsnccLUHtF-_42M
656,russia open equal dialogu west ukrain,dzARZ-2rFA_38RMsnccLUHtF-_42M
657,unit state natur ga never weaken russia posit,dzARZ-2rFA_38RMsnccLUHtF-_42M
658,fall ukrain tension escal,dzARZ-2rFA_38RMsnccLUHtF-_42M
659,america heed wake call ukrain,dzARZ-2rFA_38RMsnccLUHtF-_42M
660,eastern european countri paid much russian ga western one,dzARZ-2rFA_38RMsnccLUHtF-_42M
661,australian market set open lower,dzARZ-2rFA_38RMsnccLUHtF-_42M
662,four european nation appeal us natur ga export,dzARZ-2rFA_38RMsnccLUHtF-_42M
663,aedt monday local unit trade us cent sourc,dzARZ-2rFA_38RMsnccLUHtF-_42M
664,lower ukrain tension increas,dzARZ-2rFA_38RMsnccLUHtF-_42M
665,world polit pull ga pump,dzARZ-2rFA_38RMsnccLUHtF-_42M
666,make sens sanction,dzARZ-2rFA_38RMsnccLUHtF-_42M
667,ukrain us econom fiscal consequ conflict russia,dzARZ-2rFA_38RMsnccLUHtF-_42M
668,central european want us ga cut depend russia,dzARZ-2rFA_38RMsnccLUHtF-_42M
669,aust stock set open lower,dzARZ-2rFA_38RMsnccLUHtF-_42M
670,heavier sanction russia could backfir,dzARZ-2rFA_38RMsnccLUHtF-_42M
671,clear loser russia ukrain,dzARZ-2rFA_38RMsnccLUHtF-_42M
672,paul ryan call sanction russian oligarch,dzARZ-2rFA_38RMsnccLUHtF-_42M
673,ukrain see gazprom charg ga second quarter,dzARZ-2rFA_38RMsnccLUHtF-_42M
674,ukrain rattl europ still fragil recoveri,dzARZ-2rFA_38RMsnccLUHtF-_42M
675,eni ceo say ukrain wake call europ energi polici paper,dzARZ-2rFA_38RMsnccLUHtF-_42M
676,west posit threaten russia analyst,dzARZ-2rFA_38RMsnccLUHtF-_42M
677,bromund europ must wake new danger,dzARZ-2rFA_38RMsnccLUHtF-_42M
678,white hous play speedi role us natur ga ukrain,dzARZ-2rFA_38RMsnccLUHtF-_42M
679,updat white hous play speedi role us natur ga ukrain,dzARZ-2rFA_38RMsnccLUHtF-_42M
680,happen russia ukrain matter clean energi fuel chart,dzARZ-2rFA_38RMsnccLUHtF-_42M
681,white hous downplay role natur ga polici ukrain crisi,dzARZ-2rFA_38RMsnccLUHtF-_42M
682,american natur ga support global alli,dzARZ-2rFA_38RMsnccLUHtF-_42M
683,council europ offer monitor treatment minor ukrain,dzARZ-2rFA_38RMsnccLUHtF-_42M
684,ukrain crossroad,dzARZ-2rFA_38RMsnccLUHtF-_42M
685,busi highlight,d2OyTeAXDFQpb3M9Cr_Ftde6Ig0aM
686,boe chiquita big market mover,d2OyTeAXDFQpb3M9Cr_Ftde6Ig0aM
687,chiquita acquir fyff creat biggest banana supplier,d2OyTeAXDFQpb3M9Cr_Ftde6Ig0aM
688,chiquita combin fyff top banana,d2OyTeAXDFQpb3M9Cr_Ftde6Ig0aM
689,chiquitafyff merg creat world biggest banana compani,d2OyTeAXDFQpb3M9Cr_Ftde6Ig0aM
690,oil fall around china data,d2OyTeAXDFQpb3M9Cr_Ftde6Ig0aM
691,big banana merger might melon pineappl irish tax,d2OyTeAXDFQpb3M9Cr_Ftde6Ig0aM
692,market wrap chiquita biggest banana brand ebay reject icahn offer,d2OyTeAXDFQpb3M9Cr_Ftde6Ig0aM
693,next chapter global banana trade bloodi histori walmart,d2OyTeAXDFQpb3M9Cr_Ftde6Ig0aM
694,chiquita buy rival fyff million,d2OyTeAXDFQpb3M9Cr_Ftde6Ig0aM
695,world new top banana chiquita fyff merg,d2OyTeAXDFQpb3M9Cr_Ftde6Ig0aM
696,chiquita fyff merg make top banana,d2OyTeAXDFQpb3M9Cr_Ftde6Ig0aM
697,fyff chiquita team biggest bunch,d2OyTeAXDFQpb3M9Cr_Ftde6Ig0aM
698,european index swing lower,d2OyTeAXDFQpb3M9Cr_Ftde6Ig0aM
699,chiquita flyff merg becom world top banana supplier,d2OyTeAXDFQpb3M9Cr_Ftde6Ig0aM
700,banana price slip merger,d2OyTeAXDFQpb3M9Cr_Ftde6Ig0aM
701,world new top banana fruit giant chiquita fyff merg,d2OyTeAXDFQpb3M9Cr_Ftde6Ig0aM
703,second banana fruit giant chiquita fyff merg,d2OyTeAXDFQpb3M9Cr_Ftde6Ig0aM
704,chiquita fyff hope becom top banana global market,d2OyTeAXDFQpb3M9Cr_Ftde6Ig0aM
705,chiquita merg ireland fyff,d2OyTeAXDFQpb3M9Cr_Ftde6Ig0aM
706,merger mean charlott share chiquita dublin,d2OyTeAXDFQpb3M9Cr_Ftde6Ig0aM
707,timelin chiquita brand,d2OyTeAXDFQpb3M9Cr_Ftde6Ig0aM
708,big merger creat world largest banana compani,d2OyTeAXDFQpb3M9Cr_Ftde6Ig0aM
709,chiquita becom top banana fyff merger,d2OyTeAXDFQpb3M9Cr_Ftde6Ig0aM
710,chiquita fyff join make world biggest banana firm,d2OyTeAXDFQpb3M9Cr_Ftde6Ig0aM
711,chiquita banana seller nj root buy irish rival fyff deal,d2OyTeAXDFQpb3M9Cr_Ftde6Ig0aM
712,chiquita fyff merger dole longer top banana,d2OyTeAXDFQpb3M9Cr_Ftde6Ig0aM
713,updat chiquita fyff outlin benefit scale,d2OyTeAXDFQpb3M9Cr_Ftde6Ig0aM
714,fyff merger creat banana behemoth,d2OyTeAXDFQpb3M9Cr_Ftde6Ig0aM
715,share chiquita brand intern inc shine today,d2OyTeAXDFQpb3M9Cr_Ftde6Ig0aM
716,chiquita buy fyff creat world biggest banana supplier brand,d2OyTeAXDFQpb3M9Cr_Ftde6Ig0aM
717,banana giant chiquita fyff agre b merger,d2OyTeAXDFQpb3M9Cr_Ftde6Ig0aM
718,chiquita merg irish produc compani,d2OyTeAXDFQpb3M9Cr_Ftde6Ig0aM
719,chiquita brand intern rate lower underperform zack cqb,d2OyTeAXDFQpb3M9Cr_Ftde6Ig0aM
720,chiquita brand acquir fyff creat world biggest banana seller,d2OyTeAXDFQpb3M9Cr_Ftde6Ig0aM
721,world new top banana fruit giant chiquita us fyff europ,d2OyTeAXDFQpb3M9Cr_Ftde6Ig0aM
722,world new top banana,d2OyTeAXDFQpb3M9Cr_Ftde6Ig0aM
723,monday afternoon busi brief,d2OyTeAXDFQpb3M9Cr_Ftde6Ig0aM
724,top banana chiquita fyff merg,d2OyTeAXDFQpb3M9Cr_Ftde6Ig0aM
725,chrysler recal vehicl loosen russia energi grip fyff,d2OyTeAXDFQpb3M9Cr_Ftde6Ig0aM
726,charlott base chiquita merg irish fruit compani,d2OyTeAXDFQpb3M9Cr_Ftde6Ig0aM
727,chiquita merg fyff ireland becom world largest banana supplier,d2OyTeAXDFQpb3M9Cr_Ftde6Ig0aM
728,updat chiquita fyff join make world biggest banana firm,d2OyTeAXDFQpb3M9Cr_Ftde6Ig0aM
729,chiquita fyff creat world largest banana compani,d2OyTeAXDFQpb3M9Cr_Ftde6Ig0aM
730,suppli chain save banana merger,d2OyTeAXDFQpb3M9Cr_Ftde6Ig0aM
731,chiquita fyff creat world biggest banana group,d2OyTeAXDFQpb3M9Cr_Ftde6Ig0aM
732,new deal make chiquita world top banana compani,d2OyTeAXDFQpb3M9Cr_Ftde6Ig0aM
733,chiquita fyff merger creat world biggest banana supplier,d2OyTeAXDFQpb3M9Cr_Ftde6Ig0aM
734,fyff acquir chiquita brand,d2OyTeAXDFQpb3M9Cr_Ftde6Ig0aM
735,chiquita fyff merger creat top banana compani,d2OyTeAXDFQpb3M9Cr_Ftde6Ig0aM
736,chiquita merger mean violat charlott incent agreement,d2OyTeAXDFQpb3M9Cr_Ftde6Ig0aM
737,chiquita fyff merger creat world largest banana compani,d2OyTeAXDFQpb3M9Cr_Ftde6Ig0aM
738,chiquita cqb fyff fyfff merg becom world largest banana,d2OyTeAXDFQpb3M9Cr_Ftde6Ig0aM
739,fruit rival merg form world largest banana compani,d2OyTeAXDFQpb3M9Cr_Ftde6Ig0aM
740,meet new billion banana empir,d2OyTeAXDFQpb3M9Cr_Ftde6Ig0aM
741,chiquita deal birth world biggest banana firm,d2OyTeAXDFQpb3M9Cr_Ftde6Ig0aM
742,chiquita share climb fyff merger make new compani top banana,d2OyTeAXDFQpb3M9Cr_Ftde6Ig0aM
743,busi news market happen march,d2OyTeAXDFQpb3M9Cr_Ftde6Ig0aM
744,chiquita fyff make ireland banana republ,d2OyTeAXDFQpb3M9Cr_Ftde6Ig0aM
745,merger creat world biggest banana supplier,d2OyTeAXDFQpb3M9Cr_Ftde6Ig0aM
746,chiquitafyff merger save million logist procur,d2OyTeAXDFQpb3M9Cr_Ftde6Ig0aM
747,chiquita fyff agre billion merger deal th updat,d2OyTeAXDFQpb3M9Cr_Ftde6Ig0aM
748,chiquita merg fyff,d2OyTeAXDFQpb3M9Cr_Ftde6Ig0aM
749,chiquita brand intern inc nyse ccqb acquir fyff plc ffi,d2OyTeAXDFQpb3M9Cr_Ftde6Ig0aM
750,fyff chiquita get hitch,d2OyTeAXDFQpb3M9Cr_Ftde6Ig0aM
751,chiquita share price ralli acquir fyff plc creat largest banana,d2OyTeAXDFQpb3M9Cr_Ftde6Ig0aM
752,chiquita ireland fyff merg becom top banana supplier,d2OyTeAXDFQpb3M9Cr_Ftde6Ig0aM
753,chiquita combin dutch base compani,d2OyTeAXDFQpb3M9Cr_Ftde6Ig0aM
754,chiquita fyff merg creat world largest banana compani,d2OyTeAXDFQpb3M9Cr_Ftde6Ig0aM
755,chiquita ok fyff merger creat world largest banana supplier,d2OyTeAXDFQpb3M9Cr_Ftde6Ig0aM
756,chiquita buy fyff creat biggest banana supplier,d2OyTeAXDFQpb3M9Cr_Ftde6Ig0aM
757,chiquita fyff merg form world largest banana supplier,d2OyTeAXDFQpb3M9Cr_Ftde6Ig0aM
758,fyff share soar investor go banana chiquita deal,d2OyTeAXDFQpb3M9Cr_Ftde6Ig0aM
759,market ireland fyff merg chiquita origin banana republ fame,d2OyTeAXDFQpb3M9Cr_Ftde6Ig0aM
760,chiquita fyff blend creat top banana,d2OyTeAXDFQpb3M9Cr_Ftde6Ig0aM
761,charlott base chiquita set becom world largest banana supplier,d2OyTeAXDFQpb3M9Cr_Ftde6Ig0aM
762,chiquita fyff merger fli regul,d2OyTeAXDFQpb3M9Cr_Ftde6Ig0aM
763,merger make chiquita world biggest banana compani,d2OyTeAXDFQpb3M9Cr_Ftde6Ig0aM
764,banana busi fyff announc merger rival chiquita,d2OyTeAXDFQpb3M9Cr_Ftde6Ig0aM
765,chiquita merg fyff form world top banana firm,d2OyTeAXDFQpb3M9Cr_Ftde6Ig0aM
766,top banana chiquita fyff announc merger,d2OyTeAXDFQpb3M9Cr_Ftde6Ig0aM
767,chiquita fyff merg billion deal,d2OyTeAXDFQpb3M9Cr_Ftde6Ig0aM
768,top banana chiquita buy fyff,d2OyTeAXDFQpb3M9Cr_Ftde6Ig0aM
769,irish firm becom biggest banana supplier,d2OyTeAXDFQpb3M9Cr_Ftde6Ig0aM
770,chiquita fyff merg form world biggest banana compani,d2OyTeAXDFQpb3M9Cr_Ftde6Ig0aM
771,chiquita buy fyff,d2OyTeAXDFQpb3M9Cr_Ftde6Ig0aM
772,top banana fyff chiquita merg,d2OyTeAXDFQpb3M9Cr_Ftde6Ig0aM
773,chiquita part top banana compani,d2OyTeAXDFQpb3M9Cr_Ftde6Ig0aM
774,chiquita cqb today,d2OyTeAXDFQpb3M9Cr_Ftde6Ig0aM
775,chiquita brand intern cqb sharpli merger announc,d2OyTeAXDFQpb3M9Cr_Ftde6Ig0aM
776,cqb stock chiquita fyff creat world biggest banana firm,d2OyTeAXDFQpb3M9Cr_Ftde6Ig0aM
777,chiquita brand buy fyff form biggest banana compani,d2OyTeAXDFQpb3M9Cr_Ftde6Ig0aM
778,fyff merg us rival,d2OyTeAXDFQpb3M9Cr_Ftde6Ig0aM
779,merger make chiquitafyff top banana,d2OyTeAXDFQpb3M9Cr_Ftde6Ig0aM
780,share,d2OyTeAXDFQpb3M9Cr_Ftde6Ig0aM
781,chiquita brand fyff announc merger creat banana behemoth,d2OyTeAXDFQpb3M9Cr_Ftde6Ig0aM
782,fyff chiquita creat biggest banana firm,d2OyTeAXDFQpb3M9Cr_Ftde6Ig0aM
783,world largest banana compani born,d2OyTeAXDFQpb3M9Cr_Ftde6Ig0aM
784,chiquita fyff agre billion merger deal rd updat,d2OyTeAXDFQpb3M9Cr_Ftde6Ig0aM
785,fyff agre merger chiquita,d2OyTeAXDFQpb3M9Cr_Ftde6Ig0aM
786,chiquita ireland fyff merg form top banana supplier,d2OyTeAXDFQpb3M9Cr_Ftde6Ig0aM
787,fyff chiquita merger creat world largest banana compani,d2OyTeAXDFQpb3M9Cr_Ftde6Ig0aM
788,chiquita combin dublin base fyff creat world top banana,d2OyTeAXDFQpb3M9Cr_Ftde6Ig0aM
790,chiquita merg fyff hq dublin,d2OyTeAXDFQpb3M9Cr_Ftde6Ig0aM
791,chiquita brand merg fyff creat banana leader,d2OyTeAXDFQpb3M9Cr_Ftde6Ig0aM
792,chiquita fyff creat world lead banana compani,d2OyTeAXDFQpb3M9Cr_Ftde6Ig0aM
793,chiquita brand buy irish rival,d2OyTeAXDFQpb3M9Cr_Ftde6Ig0aM
794,hampshir fruit import merger becom top banana,d2OyTeAXDFQpb3M9Cr_Ftde6Ig0aM
795,top banana world biggest produc creat,d2OyTeAXDFQpb3M9Cr_Ftde6Ig0aM
796,appeal offer chiquita merg fyff make world largest banana,d2OyTeAXDFQpb3M9Cr_Ftde6Ig0aM
797,chiquita brand intern inc cqb news chiquita buy fyff creat,d2OyTeAXDFQpb3M9Cr_Ftde6Ig0aM
798,ireland fyff agre merger chiquita,d2OyTeAXDFQpb3M9Cr_Ftde6Ig0aM
799,chiquita buy fyff creat world biggest banana supplier,d2OyTeAXDFQpb3M9Cr_Ftde6Ig0aM
800,new deal creat world largest banana supplier,d2OyTeAXDFQpb3M9Cr_Ftde6Ig0aM
801,chiquita fyff agre billion merger deal nd updat,d2OyTeAXDFQpb3M9Cr_Ftde6Ig0aM
802,fyff chiquita creat largest banana firm,d2OyTeAXDFQpb3M9Cr_Ftde6Ig0aM
803,merger creat world top banana firm,d2OyTeAXDFQpb3M9Cr_Ftde6Ig0aM
804,chiquita fyff billion merger deal updat,d2OyTeAXDFQpb3M9Cr_Ftde6Ig0aM
805,news pictur march,d2OyTeAXDFQpb3M9Cr_Ftde6Ig0aM
806,banana fyff announc merger rival chiquita,d2OyTeAXDFQpb3M9Cr_Ftde6Ig0aM
807,rival merg base largest global banana firm ireland,d2OyTeAXDFQpb3M9Cr_Ftde6Ig0aM
808,u stock retreat emerg equiti metal china data,dn8H6sYjpAZnsgM2qvfMRDttKqhXM
809,world stock copper oil declin weak china export data,dn8H6sYjpAZnsgM2qvfMRDttKqhXM
810,world stock copper oil dip weak china export data,dn8H6sYjpAZnsgM2qvfMRDttKqhXM
811,hong kong china share sink weak data,dn8H6sYjpAZnsgM2qvfMRDttKqhXM
812,global market world stock copper oil dip weak china export data,dn8H6sYjpAZnsgM2qvfMRDttKqhXM
813,major averag stage recoveri attempt finish red,dn8H6sYjpAZnsgM2qvfMRDttKqhXM
814,chines yuan weak impact world,dn8H6sYjpAZnsgM2qvfMRDttKqhXM
815,hk list chines stock,dn8H6sYjpAZnsgM2qvfMRDttKqhXM
816,world stock copper oil fall weak china export,dn8H6sYjpAZnsgM2qvfMRDttKqhXM
817,china significantli weaken yuan,dn8H6sYjpAZnsgM2qvfMRDttKqhXM
818,global market world stock copper oil declin weak china export data,dn8H6sYjpAZnsgM2qvfMRDttKqhXM
819,chines weak trade data paus world stock,dn8H6sYjpAZnsgM2qvfMRDttKqhXM
820,sleep china hit stock copper,dn8H6sYjpAZnsgM2qvfMRDttKqhXM
821,global market world stock copper oil fall weak china export,dn8H6sYjpAZnsgM2qvfMRDttKqhXM
822,copper fall eight month low china fear,dn8H6sYjpAZnsgM2qvfMRDttKqhXM
823,global market world stock copper oil hit weak china export,dn8H6sYjpAZnsgM2qvfMRDttKqhXM
824,disappoint china export halt stock hammer commod,dn8H6sYjpAZnsgM2qvfMRDttKqhXM
825,world stock copper oil hit weak china export,dn8H6sYjpAZnsgM2qvfMRDttKqhXM
826,u stock retreat emerg equiti metal,dn8H6sYjpAZnsgM2qvfMRDttKqhXM
827,even adjust anomali china export slow,dn8H6sYjpAZnsgM2qvfMRDttKqhXM
828,us stock retreat emerg equiti china data,dn8H6sYjpAZnsgM2qvfMRDttKqhXM
829,copper slump amid fear slowdown china,dn8H6sYjpAZnsgM2qvfMRDttKqhXM
831,stock tumbl disappoint data,dn8H6sYjpAZnsgM2qvfMRDttKqhXM
832,lme offici export data add china assault copper,dn8H6sYjpAZnsgM2qvfMRDttKqhXM
833,yuan drop greenback chines export fall,dn8H6sYjpAZnsgM2qvfMRDttKqhXM
834,global market weak china export weigh stock hit commod,dn8H6sYjpAZnsgM2qvfMRDttKqhXM
835,china yuan impact world,dn8H6sYjpAZnsgM2qvfMRDttKqhXM
836,emerg market stock declin commod china weaken,dn8H6sYjpAZnsgM2qvfMRDttKqhXM
837,whistl past graveyard china st ever bond default,dn8H6sYjpAZnsgM2qvfMRDttKqhXM
838,china data rattl world market investor worri hard land,dn8H6sYjpAZnsgM2qvfMRDttKqhXM
839,weak chines trade data hit stock knock commod,dn8H6sYjpAZnsgM2qvfMRDttKqhXM
840,china learn rescu lame duck,dn8H6sYjpAZnsgM2qvfMRDttKqhXM
841,em morn roundup asia slump china weak export data,dn8H6sYjpAZnsgM2qvfMRDttKqhXM
842,goldman see china stock ralli decad low valuat,dn8H6sYjpAZnsgM2qvfMRDttKqhXM
843,bond default crisi china unlik year,dn8H6sYjpAZnsgM2qvfMRDttKqhXM
844,post shoaib ur rehman siddiqui,dn8H6sYjpAZnsgM2qvfMRDttKqhXM
845,shanghai copper slide pc china concern,dn8H6sYjpAZnsgM2qvfMRDttKqhXM
846,fail issuanc show grow risk awar,dn8H6sYjpAZnsgM2qvfMRDttKqhXM
847,disappoint chines export halt stock hammer commod,dn8H6sYjpAZnsgM2qvfMRDttKqhXM
848,risk china disappoint,dn8H6sYjpAZnsgM2qvfMRDttKqhXM
849,stock futur slightli coca cola cut execut pay chiquita top banana,dn8H6sYjpAZnsgM2qvfMRDttKqhXM
850,hong kong china share sink weak mainland data,dn8H6sYjpAZnsgM2qvfMRDttKqhXM
851,metal copper month low fear china deal could unwind,dn8H6sYjpAZnsgM2qvfMRDttKqhXM
852,china default chaori four five trust loan outstand,dn8H6sYjpAZnsgM2qvfMRDttKqhXM
853,chaori default spell reform china debt market,dn8H6sYjpAZnsgM2qvfMRDttKqhXM
854,manag voic concern china bond near default,dn8H6sYjpAZnsgM2qvfMRDttKqhXM
855,world stock paus commod fall,dn8H6sYjpAZnsgM2qvfMRDttKqhXM
856,stock commod hammer china data disappoint,dn8H6sYjpAZnsgM2qvfMRDttKqhXM
857,disappoint china export halt world stock hammer commod,dn8H6sYjpAZnsgM2qvfMRDttKqhXM
858,lme copper eight month low china demand fear,dn8H6sYjpAZnsgM2qvfMRDttKqhXM
859,copper cathod stock china shfe warehous rise th week,dn8H6sYjpAZnsgM2qvfMRDttKqhXM
860,hong kong share end sharpli lower china trade data,dn8H6sYjpAZnsgM2qvfMRDttKqhXM
861,video chaori default spell reform china debt market,dn8H6sYjpAZnsgM2qvfMRDttKqhXM
862,copper see slight fall uncertainti weigh sentiment,dn8H6sYjpAZnsgM2qvfMRDttKqhXM
863,world stock report global stock declin sluggish japan china,dn8H6sYjpAZnsgM2qvfMRDttKqhXM
864,china stock hit new low,dn8H6sYjpAZnsgM2qvfMRDttKqhXM
865,chines market get demolish,dn8H6sYjpAZnsgM2qvfMRDttKqhXM
866,china stock sink weak data,dn8H6sYjpAZnsgM2qvfMRDttKqhXM
867,china csi sink year low export slump weaken yuan,dn8H6sYjpAZnsgM2qvfMRDttKqhXM
868,copper sell continu weak metal price hit mth low,dn8H6sYjpAZnsgM2qvfMRDttKqhXM
869,hk stock close pct lower,dn8H6sYjpAZnsgM2qvfMRDttKqhXM
870,hk share biggest loss week anem china data,dn8H6sYjpAZnsgM2qvfMRDttKqhXM
871,china csi index plung five year low export slump,dn8H6sYjpAZnsgM2qvfMRDttKqhXM
872,hong konger hold parodi communist ralli,dn8H6sYjpAZnsgM2qvfMRDttKqhXM
873,shanghai copper price fall black monday,dn8H6sYjpAZnsgM2qvfMRDttKqhXM
874,commod china fear hit copper oil shanghai commod slump,dn8H6sYjpAZnsgM2qvfMRDttKqhXM
875,copper fall bed underscor china woe,dn8H6sYjpAZnsgM2qvfMRDttKqhXM
877,hong kong share biggest loss week anem china data,dn8H6sYjpAZnsgM2qvfMRDttKqhXM
878,interview peter hildebrand gener manag w hong kong,dn8H6sYjpAZnsgM2qvfMRDttKqhXM
879,china aluminium import fall februari,dn8H6sYjpAZnsgM2qvfMRDttKqhXM
880,shanghai copper slide pct china concern,dn8H6sYjpAZnsgM2qvfMRDttKqhXM
881,china stock slump lacklust econom indic,dn8H6sYjpAZnsgM2qvfMRDttKqhXM
882,hang seng shanghai plung close,dn8H6sYjpAZnsgM2qvfMRDttKqhXM
883,china rate yuan slide export surpris fuel monetari eas talk,dn8H6sYjpAZnsgM2qvfMRDttKqhXM
884,china csi share index year close low slowdown fear,dn8H6sYjpAZnsgM2qvfMRDttKqhXM
885,chines share sink growth data fear,dn8H6sYjpAZnsgM2qvfMRDttKqhXM
886,rout copper price continu chines trade data worri,dn8H6sYjpAZnsgM2qvfMRDttKqhXM
887,ident crisi standard crisi,dn8H6sYjpAZnsgM2qvfMRDttKqhXM
888,china stock fall eight month yuan drop trade,dn8H6sYjpAZnsgM2qvfMRDttKqhXM
889,comment landmark default dent confid china,dn8H6sYjpAZnsgM2qvfMRDttKqhXM
890,china share extend loss weak macro data csi per cent,dn8H6sYjpAZnsgM2qvfMRDttKqhXM
891,china share extend loss weak macro data csi pct,dn8H6sYjpAZnsgM2qvfMRDttKqhXM
892,chines brokerag drop plan shanghai ipo favour hong kong,dn8H6sYjpAZnsgM2qvfMRDttKqhXM
894,declin export knock confid chines growth,dn8H6sYjpAZnsgM2qvfMRDttKqhXM
895,lme asian wrap copper price fall china growth concern,dn8H6sYjpAZnsgM2qvfMRDttKqhXM
896,chaori sell solar farm repay bondhold default,dn8H6sYjpAZnsgM2qvfMRDttKqhXM
897,china csi index near month low hong kong sink,dn8H6sYjpAZnsgM2qvfMRDttKqhXM
898,copper slump worri china economi,dn8H6sYjpAZnsgM2qvfMRDttKqhXM
899,chaori corpor bond default financi stabil,dn8H6sYjpAZnsgM2qvfMRDttKqhXM
900,china csi index near mth low hong kong sink,dn8H6sYjpAZnsgM2qvfMRDttKqhXM
901,china stock seen ralli goldman valuat,dn8H6sYjpAZnsgM2qvfMRDttKqhXM
902,develop slump yuan drop close fund window china credit,dn8H6sYjpAZnsgM2qvfMRDttKqhXM
903,hong kong dump ground middl ipo,dn8H6sYjpAZnsgM2qvfMRDttKqhXM
904,pboc drop yuan,dn8H6sYjpAZnsgM2qvfMRDttKqhXM
905,asian share declin weak china data,dn8H6sYjpAZnsgM2qvfMRDttKqhXM
906,china export declin show growth goal challeng premier,dn8H6sYjpAZnsgM2qvfMRDttKqhXM
907,parodi protest march urg mainland reignit patriot,dn8H6sYjpAZnsgM2qvfMRDttKqhXM
908,journal say first default china corpor bond market unlik,dn8H6sYjpAZnsgM2qvfMRDttKqhXM
909,yuan drop pboc cut refer rate sinc juli,dn8H6sYjpAZnsgM2qvfMRDttKqhXM
910,copper iron ore futur grip panic sell,dn8H6sYjpAZnsgM2qvfMRDttKqhXM
912,copper slip asian stock china data ringgit weaken,dn8H6sYjpAZnsgM2qvfMRDttKqhXM
913,china csi plung five year low export slump,dn8H6sYjpAZnsgM2qvfMRDttKqhXM
914,hong kong h share head one month low china export slide,dn8H6sYjpAZnsgM2qvfMRDttKqhXM
915,hong kong h share set one month low china export,dn8H6sYjpAZnsgM2qvfMRDttKqhXM
916,big drop chines export fuel fear,dn8H6sYjpAZnsgM2qvfMRDttKqhXM
917,copper slip australian stock nikkei futur oil drop,dn8H6sYjpAZnsgM2qvfMRDttKqhXM
918,mainland stock exchang drop amid bond default,dn8H6sYjpAZnsgM2qvfMRDttKqhXM
919,chines carbon firm ahead emiss deadlin,dn8H6sYjpAZnsgM2qvfMRDttKqhXM
920,china growth goal challeng fall export factori price,dn8H6sYjpAZnsgM2qvfMRDttKqhXM
921,travel checklist money passport wallet rest bought,dn8H6sYjpAZnsgM2qvfMRDttKqhXM
922,copper plung chines default,dn8H6sYjpAZnsgM2qvfMRDttKqhXM
923,bond default,dn8H6sYjpAZnsgM2qvfMRDttKqhXM
924,foreign insur lobbi open guangdong market,dn8H6sYjpAZnsgM2qvfMRDttKqhXM
925,copper plung chines compani default,dn8H6sYjpAZnsgM2qvfMRDttKqhXM
926,chines trade figur deal blow confid,dn8H6sYjpAZnsgM2qvfMRDttKqhXM
927,world week ahead dark cloud china,dn8H6sYjpAZnsgM2qvfMRDttKqhXM
928,china challeng fall export factori price,dn8H6sYjpAZnsgM2qvfMRDttKqhXM
929,copper fall china concern,dn8H6sYjpAZnsgM2qvfMRDttKqhXM
930,china rise demand expat,dn8H6sYjpAZnsgM2qvfMRDttKqhXM
931,mainland stock exchang drop amid concern first corpor bond market,dn8H6sYjpAZnsgM2qvfMRDttKqhXM
932,chines women marri elderli hong kong men obtain resid,dn8H6sYjpAZnsgM2qvfMRDttKqhXM
933,copper post biggest declin sinc china demand concern,dn8H6sYjpAZnsgM2qvfMRDttKqhXM
934,china export unexpectedli declin blow confid,dn8H6sYjpAZnsgM2qvfMRDttKqhXM
935,sec ask municip bond seller report disclosur breach,dB-tpHT6UcWshiMWbl2RE5KjRPsJM
937,sec urg muni issuer underwrit report violat,dB-tpHT6UcWshiMWbl2RE5KjRPsJM
938,sec ask municip bond seller report disclosur violat,dB-tpHT6UcWshiMWbl2RE5KjRPsJM
939,sec launch enforc cooper initi municip issuer,dB-tpHT6UcWshiMWbl2RE5KjRPsJM
940,updat favor term us muni issuer report inaccuraci sec,dB-tpHT6UcWshiMWbl2RE5KjRPsJM
941,favor term us muni issuer report inaccuraci sec,dB-tpHT6UcWshiMWbl2RE5KjRPsJM
942,sec ask municip bond seller report violat,dB-tpHT6UcWshiMWbl2RE5KjRPsJM
943,new sec regul municip advisor underwrit take effect juli,dB-tpHT6UcWshiMWbl2RE5KjRPsJM
944,titanfal review roundup,dw0Jnfj8vEPaLZM8TQMSCbVaYeyrM
945,titanfal review buddi,dw0Jnfj8vEPaLZM8TQMSCbVaYeyrM
946,respawn titanfal server stabil microsoft azur hand,dw0Jnfj8vEPaLZM8TQMSCbVaYeyrM
947,titanfal resolut like increas patch,dw0Jnfj8vEPaLZM8TQMSCbVaYeyrM
948,xbox one titanfal bundl releas date tomorrow pre order price,dw0Jnfj8vEPaLZM8TQMSCbVaYeyrM
949,titanfal xbox one resolut like increas launch,dw0Jnfj8vEPaLZM8TQMSCbVaYeyrM
950,titanfal live action adapt develop trailer releas date reveal,dw0Jnfj8vEPaLZM8TQMSCbVaYeyrM
951,titanfal fan south africa ask ea let play,dw0Jnfj8vEPaLZM8TQMSCbVaYeyrM
952,titanfal xbox one like get resolut increas respawn say,dw0Jnfj8vEPaLZM8TQMSCbVaYeyrM
953,titanfal launch tuesday microsoft hope boost xbox sale,dw0Jnfj8vEPaLZM8TQMSCbVaYeyrM
954,xbox one titanfal bundl uk price drop hope shoot ps,dw0Jnfj8vEPaLZM8TQMSCbVaYeyrM
955,titanfal launch p xbox one,dw0Jnfj8vEPaLZM8TQMSCbVaYeyrM
956,xbox one may still get p titanfal post releas patch,dw0Jnfj8vEPaLZM8TQMSCbVaYeyrM
957,microsoft titanfal could game changer xbox one,dw0Jnfj8vEPaLZM8TQMSCbVaYeyrM
958,titanfal midnight releas locat gamestop best buy offer,dw0Jnfj8vEPaLZM8TQMSCbVaYeyrM
959,titanfal run p resolut xbox one may get postlaunch,dw0Jnfj8vEPaLZM8TQMSCbVaYeyrM
960,titanfal xbox one launch microsoft releas critic acclaim first person,dw0Jnfj8vEPaLZM8TQMSCbVaYeyrM
961,titanfal launch p xbox one resolut like increas,dw0Jnfj8vEPaLZM8TQMSCbVaYeyrM
962,titanfal increas resolut post launch,dw0Jnfj8vEPaLZM8TQMSCbVaYeyrM
963,titanfal ship p xbox one post releas resolut like increas,dw0Jnfj8vEPaLZM8TQMSCbVaYeyrM
964,titanfal wallpap window phone,dw0Jnfj8vEPaLZM8TQMSCbVaYeyrM
965,standbi titanfal talk respawn ceo vinc zampella,dw0Jnfj8vEPaLZM8TQMSCbVaYeyrM
966,microsoft xbox one titanfal anoth non p titl,dw0Jnfj8vEPaLZM8TQMSCbVaYeyrM
967,microsoft walt whitman store gird titanfal land,dw0Jnfj8vEPaLZM8TQMSCbVaYeyrM
968,toy r us offer game purchas titanfal,dw0Jnfj8vEPaLZM8TQMSCbVaYeyrM
969,titanfal offici p xbox one p,dw0Jnfj8vEPaLZM8TQMSCbVaYeyrM
970,titanfal review progress,dw0Jnfj8vEPaLZM8TQMSCbVaYeyrM
971,titanfal take aim cloud realli let design go crazi,dw0Jnfj8vEPaLZM8TQMSCbVaYeyrM
972,titanfal xbox one resolut confirm p like increas,dw0Jnfj8vEPaLZM8TQMSCbVaYeyrM
973,gamer get hand long await titanfal,dw0Jnfj8vEPaLZM8TQMSCbVaYeyrM
974,titanfal thunder game store monday night,dw0Jnfj8vEPaLZM8TQMSCbVaYeyrM
975,titanfal display p,dw0Jnfj8vEPaLZM8TQMSCbVaYeyrM
976,titanfal tuesday releas mean great deal xbox one find,dw0Jnfj8vEPaLZM8TQMSCbVaYeyrM
977,launch titanfal push xbox one limit,dw0Jnfj8vEPaLZM8TQMSCbVaYeyrM
978,insid claim titanfal alreadi help sell million xbox one consol,dw0Jnfj8vEPaLZM8TQMSCbVaYeyrM
979,titanfal review xbox one pc,dw0Jnfj8vEPaLZM8TQMSCbVaYeyrM
980,watch us play titanfal xbox one poorli right updat,dw0Jnfj8vEPaLZM8TQMSCbVaYeyrM
981,microsoft titanfal rais xbox one sale,dw0Jnfj8vEPaLZM8TQMSCbVaYeyrM
982,titanfal get live action content,dw0Jnfj8vEPaLZM8TQMSCbVaYeyrM
983,xbox one titanfal bundl price drop,dw0Jnfj8vEPaLZM8TQMSCbVaYeyrM
984,titanfal xbox one frame rate uneven struggl lot even p,dw0Jnfj8vEPaLZM8TQMSCbVaYeyrM
985,review round titanfal xbox one pc,dw0Jnfj8vEPaLZM8TQMSCbVaYeyrM
986,news snatch titanfal special releas time resolut rank,dw0Jnfj8vEPaLZM8TQMSCbVaYeyrM
987,titanfal review,dw0Jnfj8vEPaLZM8TQMSCbVaYeyrM
988,respawn launch site teas origin titanfal stori content,dw0Jnfj8vEPaLZM8TQMSCbVaYeyrM
989,titanfal like see resolut bump post releas xbox one,dw0Jnfj8vEPaLZM8TQMSCbVaYeyrM
990,microsoft xbox last life,dw0Jnfj8vEPaLZM8TQMSCbVaYeyrM
991,respawn patch increas xbox one titanfal p resolut like,dw0Jnfj8vEPaLZM8TQMSCbVaYeyrM
992,respawn titanfal set launch,dw0Jnfj8vEPaLZM8TQMSCbVaYeyrM
993,titanfal review roundup price download dlc xbox one pc spec,dw0Jnfj8vEPaLZM8TQMSCbVaYeyrM
994,respawn consid patch p support xbox one titanfal,dw0Jnfj8vEPaLZM8TQMSCbVaYeyrM
995,titanfal xbox one resolut updat readi releas,dw0Jnfj8vEPaLZM8TQMSCbVaYeyrM
996,next gen start tomorrow titanfal launch,dw0Jnfj8vEPaLZM8TQMSCbVaYeyrM
997,titanfal xbox one like get improv resolut launch,dw0Jnfj8vEPaLZM8TQMSCbVaYeyrM
998,titanfal releas date near twitter predict outsel battlefield,dw0Jnfj8vEPaLZM8TQMSCbVaYeyrM
999,buy titanfal month xbox live membership target save,dw0Jnfj8vEPaLZM8TQMSCbVaYeyrM
1000,titanfal launch parti toronto,dw0Jnfj8vEPaLZM8TQMSCbVaYeyrM
1001,insid microsoft sell xbox one without kinect near futur,dw0Jnfj8vEPaLZM8TQMSCbVaYeyrM
1002,titanfal xbox one struggl framer despit p resolut,dw0Jnfj8vEPaLZM8TQMSCbVaYeyrM
1003,titanfal live action adapt come,dw0Jnfj8vEPaLZM8TQMSCbVaYeyrM
1005,high re hope titanfal could hit p patch,dw0Jnfj8vEPaLZM8TQMSCbVaYeyrM
1006,game inbox arkham knight footbal manag vita titanfal,dw0Jnfj8vEPaLZM8TQMSCbVaYeyrM
1007,titanfal review bring posit prior upcom launch,dw0Jnfj8vEPaLZM8TQMSCbVaYeyrM
1008,addict titanfal,dw0Jnfj8vEPaLZM8TQMSCbVaYeyrM
1009,titanfal review multiplay first person shooter get addict,dw0Jnfj8vEPaLZM8TQMSCbVaYeyrM
1010,titanfal gameplay basic releas date dlc everyth els need,dw0Jnfj8vEPaLZM8TQMSCbVaYeyrM
1011,microsoft place big bet titanfal xbox one,dw0Jnfj8vEPaLZM8TQMSCbVaYeyrM
1012,titanfal earli review round,dw0Jnfj8vEPaLZM8TQMSCbVaYeyrM
1013,titanfal review round simciti battlefield taught review lesson,dw0Jnfj8vEPaLZM8TQMSCbVaYeyrM
1014,titanfal run p xbox one,dw0Jnfj8vEPaLZM8TQMSCbVaYeyrM
1015,titanfal xbox one resolut titanfal xbox one resolut p like,dw0Jnfj8vEPaLZM8TQMSCbVaYeyrM
1016,titanfal releas date tuesday physic copi requir day one updat,dw0Jnfj8vEPaLZM8TQMSCbVaYeyrM
1017,earli uk titanfal player ban probabl,dw0Jnfj8vEPaLZM8TQMSCbVaYeyrM
1018,level quickli titanfal,dw0Jnfj8vEPaLZM8TQMSCbVaYeyrM
1019,titanfal captur flag tripl threat,dw0Jnfj8vEPaLZM8TQMSCbVaYeyrM
1020,titanfal xbox one may bump p patch,dw0Jnfj8vEPaLZM8TQMSCbVaYeyrM
1021,respawn use microsoft azur cloud server make titanfal smarter,dw0Jnfj8vEPaLZM8TQMSCbVaYeyrM
1022,titanfal resolut may boost post launch patch,dw0Jnfj8vEPaLZM8TQMSCbVaYeyrM
1023,titanfal requir day one patch updat earli xbox one player report,dw0Jnfj8vEPaLZM8TQMSCbVaYeyrM
1024,readi titanfal,dw0Jnfj8vEPaLZM8TQMSCbVaYeyrM
1025,review titanfal breath new life bore fp genr,dw0Jnfj8vEPaLZM8TQMSCbVaYeyrM
1026,titanfal joystiq review,dw0Jnfj8vEPaLZM8TQMSCbVaYeyrM
1027,titanfal prepar revolut,dw0Jnfj8vEPaLZM8TQMSCbVaYeyrM
1029,microsoft share price titanfal seen game changer xbox one,dw0Jnfj8vEPaLZM8TQMSCbVaYeyrM
1030,titanfal review round heavyweight,dw0Jnfj8vEPaLZM8TQMSCbVaYeyrM
1031,titanfal life better titan trailer get extend cut,dw0Jnfj8vEPaLZM8TQMSCbVaYeyrM
1032,xba review titanfal xbox one,dw0Jnfj8vEPaLZM8TQMSCbVaYeyrM
1033,dual ing impress discuss titanfal launch day eve,dw0Jnfj8vEPaLZM8TQMSCbVaYeyrM
1034,titanfal worthi good bad hype review,dw0Jnfj8vEPaLZM8TQMSCbVaYeyrM
1035,tip play titanfal,dw0Jnfj8vEPaLZM8TQMSCbVaYeyrM
1036,titanfal great probabl consol seller microsoft hope,dw0Jnfj8vEPaLZM8TQMSCbVaYeyrM
1037,titanfal review prime deliveri,dw0Jnfj8vEPaLZM8TQMSCbVaYeyrM
1038,liveplay titanfal reveal,dw0Jnfj8vEPaLZM8TQMSCbVaYeyrM
1039,review titanfal tower,dw0Jnfj8vEPaLZM8TQMSCbVaYeyrM
1040,everyth titanfal gigant left us want,dw0Jnfj8vEPaLZM8TQMSCbVaYeyrM
1041,titanfal review call duti robot,dw0Jnfj8vEPaLZM8TQMSCbVaYeyrM
1042,titanfal launch review,dw0Jnfj8vEPaLZM8TQMSCbVaYeyrM
1043,titanfal review new xbox one multiplay shooter worth buy new,dw0Jnfj8vEPaLZM8TQMSCbVaYeyrM
1044,titanfal xbox one resolut could improv post launch patch say,dw0Jnfj8vEPaLZM8TQMSCbVaYeyrM
1046,make break game microsoft msft xbox one launch tomorrow,dw0Jnfj8vEPaLZM8TQMSCbVaYeyrM
1047,titanfal launch p resolut xbox one,dw0Jnfj8vEPaLZM8TQMSCbVaYeyrM
1048,live action titanfal trailer get extend cut,dw0Jnfj8vEPaLZM8TQMSCbVaYeyrM
1049,respawn may patch titanfal higher resolut xbox one,dw0Jnfj8vEPaLZM8TQMSCbVaYeyrM
1050,titanfal exact time player start play digit copi tonight,dw0Jnfj8vEPaLZM8TQMSCbVaYeyrM
1051,titanfal lead pre order chart releas,dw0Jnfj8vEPaLZM8TQMSCbVaYeyrM
1052,titanfal resolut could increas futur patch,dw0Jnfj8vEPaLZM8TQMSCbVaYeyrM
1053,titanfal releas date microsoft bank xbox one exclus titl,dw0Jnfj8vEPaLZM8TQMSCbVaYeyrM
1054,titanfal launch tuesday xbox one top ps,dw0Jnfj8vEPaLZM8TQMSCbVaYeyrM
1055,titanfal give microsoft electron art plenti sale ammo,dw0Jnfj8vEPaLZM8TQMSCbVaYeyrM
1056,microsoft hope titan size game success revers xbox one fall,dw0Jnfj8vEPaLZM8TQMSCbVaYeyrM
1057,respawn look increas titanfal p resolut xbox one post launch,dw0Jnfj8vEPaLZM8TQMSCbVaYeyrM
1058,titanfal come uk,dw0Jnfj8vEPaLZM8TQMSCbVaYeyrM
1059,titanfal xbox one download time announc respawn,dw0Jnfj8vEPaLZM8TQMSCbVaYeyrM
1060,tomorrow titanfal launch import day xbox one yet,dw0Jnfj8vEPaLZM8TQMSCbVaYeyrM
1061,titanfal ship p xbox one respawn target p,dw0Jnfj8vEPaLZM8TQMSCbVaYeyrM
1063,titanfal xbox one confirm p resolut,dw0Jnfj8vEPaLZM8TQMSCbVaYeyrM
1064,titanfal review ea spectacular shooter good everyon think,dw0Jnfj8vEPaLZM8TQMSCbVaYeyrM
1065,titanfal theme xbox one consol given respawn employe,dw0Jnfj8vEPaLZM8TQMSCbVaYeyrM
1066,titanfal launch preload game instant gratif,dw0Jnfj8vEPaLZM8TQMSCbVaYeyrM
1067,closer look titanfal secret weapon microsoft cloud,dw0Jnfj8vEPaLZM8TQMSCbVaYeyrM
1068,titanfal first real digit test xbox one,dw0Jnfj8vEPaLZM8TQMSCbVaYeyrM
1069,respawn entertain jon shire titanfal use microsoft cloud,dw0Jnfj8vEPaLZM8TQMSCbVaYeyrM
1070,reason excit titanfal,dw0Jnfj8vEPaLZM8TQMSCbVaYeyrM
1071,titanfal teas live action content,dw0Jnfj8vEPaLZM8TQMSCbVaYeyrM
1072,titanfal pc player use workaround play earli may get ban,dw0Jnfj8vEPaLZM8TQMSCbVaYeyrM
1073,titanfal pre load avail tomorrow launch us video,dw0Jnfj8vEPaLZM8TQMSCbVaYeyrM
1074,titanfal ship p xbox one,dw0Jnfj8vEPaLZM8TQMSCbVaYeyrM
1075,titanfal reviv microsoft xbox one sale,dw0Jnfj8vEPaLZM8TQMSCbVaYeyrM
1076,microsoft hope titanfal boost xbox one sale,dw0Jnfj8vEPaLZM8TQMSCbVaYeyrM
1077,titanfal ban hammer quick judg,dw0Jnfj8vEPaLZM8TQMSCbVaYeyrM
1078,titanfal shi get real,dw0Jnfj8vEPaLZM8TQMSCbVaYeyrM
1079,mb titanfal day one patch live xbox one,dw0Jnfj8vEPaLZM8TQMSCbVaYeyrM
1080,titanfal best place get one upon releas,dw0Jnfj8vEPaLZM8TQMSCbVaYeyrM
1081,titanfal pre load avail global releas time announc,dw0Jnfj8vEPaLZM8TQMSCbVaYeyrM
1082,titanfal set midnight releas event sydney,dw0Jnfj8vEPaLZM8TQMSCbVaYeyrM
1083,video game news rumor,dw0Jnfj8vEPaLZM8TQMSCbVaYeyrM
1084,space battl may hold key microsoft xbox one,dw0Jnfj8vEPaLZM8TQMSCbVaYeyrM
1085,want titanfal video,dw0Jnfj8vEPaLZM8TQMSCbVaYeyrM
1086,titanfal mb day one updat,dw0Jnfj8vEPaLZM8TQMSCbVaYeyrM
1087,titanfal pre releas date deal twist,dw0Jnfj8vEPaLZM8TQMSCbVaYeyrM
1088,titanfal bring xbox one sale,dw0Jnfj8vEPaLZM8TQMSCbVaYeyrM
1089,earli pc titanfal player may get ban hammer,dw0Jnfj8vEPaLZM8TQMSCbVaYeyrM
1090,titanfal live action seri inbound,dw0Jnfj8vEPaLZM8TQMSCbVaYeyrM
1091,art titanfal review,dw0Jnfj8vEPaLZM8TQMSCbVaYeyrM
1092,earli titanfal livestream risk twitch ban,dw0Jnfj8vEPaLZM8TQMSCbVaYeyrM
1093,standbi titanfal pc player pre load via origin,dw0Jnfj8vEPaLZM8TQMSCbVaYeyrM
1094,titanfal gb uncompress audio file say user,dw0Jnfj8vEPaLZM8TQMSCbVaYeyrM
1095,titanfal xbox one resolut hit p final build claim gamer pc strive,dw0Jnfj8vEPaLZM8TQMSCbVaYeyrM
1096,titanfal live action content produc playfight,dw0Jnfj8vEPaLZM8TQMSCbVaYeyrM
1097,infam second son vs titanfal launch event unveil surpris infam,dw0Jnfj8vEPaLZM8TQMSCbVaYeyrM
1098,origin may ban earli titanfal player,dw0Jnfj8vEPaLZM8TQMSCbVaYeyrM
1099,titanfal day one patch big,dw0Jnfj8vEPaLZM8TQMSCbVaYeyrM
1100,chanc play titanfal seahawk star richard sherman,dw0Jnfj8vEPaLZM8TQMSCbVaYeyrM
1101,titanfal pc avail preload,dw0Jnfj8vEPaLZM8TQMSCbVaYeyrM
1102,titanfal good news come regard australian server,dw0Jnfj8vEPaLZM8TQMSCbVaYeyrM
1103,best place buy titanfal march,dw0Jnfj8vEPaLZM8TQMSCbVaYeyrM
1104,titanfal live action content teas,dw0Jnfj8vEPaLZM8TQMSCbVaYeyrM
1105,australian titanfal server like respawn ceo teas good news soon,dw0Jnfj8vEPaLZM8TQMSCbVaYeyrM
1106,live action titanfal collabor incom,dw0Jnfj8vEPaLZM8TQMSCbVaYeyrM
1107,titanfal promot site teas live action content,dw0Jnfj8vEPaLZM8TQMSCbVaYeyrM
1108,buy titanfal month live membership best buy save,dw0Jnfj8vEPaLZM8TQMSCbVaYeyrM
1109,orion death star destroy planet even form,ddMsNh_ZO_dFyUMVRJr3gBnMqYMjM
1110,real life death star deadlier darth vader astronom find,ddMsNh_ZO_dFyUMVRJr3gBnMqYMjM
1111,studi involv cu show deadli relationship huge type star,ddMsNh_ZO_dFyUMVRJr3gBnMqYMjM
1112,death star orion blast planet even form,ddMsNh_ZO_dFyUMVRJr3gBnMqYMjM
1113,death star destroy protoplanet orion nebula,ddMsNh_ZO_dFyUMVRJr3gBnMqYMjM
1114,orion death star kill planet form,ddMsNh_ZO_dFyUMVRJr3gBnMqYMjM
1115,death star orion master life allow new cycl planet format,ddMsNh_ZO_dFyUMVRJr3gBnMqYMjM
1117,death star orion wreak havoc planet even develop,ddMsNh_ZO_dFyUMVRJr3gBnMqYMjM
1119,type death star orion blast proplyd dust,ddMsNh_ZO_dFyUMVRJr3gBnMqYMjM
1120,death star wreck havoc orion nebula,ddMsNh_ZO_dFyUMVRJr3gBnMqYMjM
1121,genghi khan benefit climat chang,dYRPyd6HqIPIS_MW7vO0rcnAOciKM
1122,warm wet climat aid mongol empir expans year ago studi,dYRPyd6HqIPIS_MW7vO0rcnAOciKM
1123,clue genghi khan rise written ring ancient tree,dYRPyd6HqIPIS_MW7vO0rcnAOciKM
1124,genghi khan rode climat chang take asia,dYRPyd6HqIPIS_MW7vO0rcnAOciKM
1125,genghi khan secret weapon rain,dYRPyd6HqIPIS_MW7vO0rcnAOciKM
1126,genghi khan rose power thank period wet warm weather,dYRPyd6HqIPIS_MW7vO0rcnAOciKM
1127,genghi khan conquest aid stretch nice weather tree ring read,dYRPyd6HqIPIS_MW7vO0rcnAOciKM
1128,good weather lead greatest land empir time,dYRPyd6HqIPIS_MW7vO0rcnAOciKM
1129,climat alter mongolian past present,dYRPyd6HqIPIS_MW7vO0rcnAOciKM
1130,climat genghi khan ancient time extend long shadow asia today,dYRPyd6HqIPIS_MW7vO0rcnAOciKM
1131,eleph judg human threat ethnic profil,dscOtqgWdviOnVMXq31YgCRenTRqM
1132,eleph tell human friend foe voic,dscOtqgWdviOnVMXq31YgCRenTRqM
1133,eleph prove discern listen us human,dscOtqgWdviOnVMXq31YgCRenTRqM
1134,eleph attun human voic,dscOtqgWdviOnVMXq31YgCRenTRqM
1135,eleph gaug threat human voic studi,dscOtqgWdviOnVMXq31YgCRenTRqM
1137,horton realli hear studi find eleph discern among,dscOtqgWdviOnVMXq31YgCRenTRqM
1138,eleph recognis human voic,dscOtqgWdviOnVMXq31YgCRenTRqM
1139,eleph kenya prove discern listen human voic,dscOtqgWdviOnVMXq31YgCRenTRqM
1140,eleph never forget human languag,dscOtqgWdviOnVMXq31YgCRenTRqM
1141,eleph gaug threat human voic studi find,dscOtqgWdviOnVMXq31YgCRenTRqM
1142,eleph distinguish sound individu human voic,dscOtqgWdviOnVMXq31YgCRenTRqM
1143,eleph never forget voic,dscOtqgWdviOnVMXq31YgCRenTRqM
1144,studi wild eleph discern human languag voic,dscOtqgWdviOnVMXq31YgCRenTRqM
1145,eleph distinguish human voic sex age ethnic studi say,dscOtqgWdviOnVMXq31YgCRenTRqM
1146,eleph tell differ human languag sens danger,dscOtqgWdviOnVMXq31YgCRenTRqM
1147,eleph judg threat human languag studi,dscOtqgWdviOnVMXq31YgCRenTRqM
1148,eleph distinguish voic human languag,dscOtqgWdviOnVMXq31YgCRenTRqM
1149,eleph recognis human languag,dscOtqgWdviOnVMXq31YgCRenTRqM
1150,studi eleph distinguish human languag voic,dscOtqgWdviOnVMXq31YgCRenTRqM
1151,eleph deciph human voic better,dscOtqgWdviOnVMXq31YgCRenTRqM
1152,eleph differ languag,dscOtqgWdviOnVMXq31YgCRenTRqM
1153,eleph differenti languag,dscOtqgWdviOnVMXq31YgCRenTRqM
1154,eleph realli intellig creatur guess age even ethnic,dscOtqgWdviOnVMXq31YgCRenTRqM
1155,eleph react human voic,dscOtqgWdviOnVMXq31YgCRenTRqM
1156,eleph distinguish human voic,dscOtqgWdviOnVMXq31YgCRenTRqM
1157,dr seuss right eleph prove discern listen us human,dscOtqgWdviOnVMXq31YgCRenTRqM
1158,eleph tell human voic apart,dscOtqgWdviOnVMXq31YgCRenTRqM
1159,smart eleph,dscOtqgWdviOnVMXq31YgCRenTRqM
1160,eleph learn understand human,dscOtqgWdviOnVMXq31YgCRenTRqM
1161,eleph quickli distinguish voic ethnic group,dscOtqgWdviOnVMXq31YgCRenTRqM
1162,phenomena,dscOtqgWdviOnVMXq31YgCRenTRqM
1163,news,dUtPmDoOKHwco0M4wh2hZy-Sx5CrM
1164,mt gox file bankruptci us face hack,dUtPmDoOKHwco0M4wh2hZy-Sx5CrM
1165,mt gox file us bankruptci oppon call ruse,dUtPmDoOKHwco0M4wh2hZy-Sx5CrM
1166,follow japan file mt gox file bankruptci protect us,dUtPmDoOKHwco0M4wh2hZy-Sx5CrM
1167,mt gox rumor pocket bitcoin report stolen,dUtPmDoOKHwco0M4wh2hZy-Sx5CrM
1168,japanes bitcoin exchang file us bankruptci case,dUtPmDoOKHwco0M4wh2hZy-Sx5CrM
1169,mt gox file u bankruptci protect,dUtPmDoOKHwco0M4wh2hZy-Sx5CrM
1170,bitcoin exchang mt gox move protect us asset,dUtPmDoOKHwco0M4wh2hZy-Sx5CrM
1171,fallout collaps japanes bitcoin exchang prompt bankruptci file,dUtPmDoOKHwco0M4wh2hZy-Sx5CrM
1172,bitcoin exchang mt gox file us bankruptci amid fraud alleg,dUtPmDoOKHwco0M4wh2hZy-Sx5CrM
1174,mt gox file us bankruptci case,dUtPmDoOKHwco0M4wh2hZy-Sx5CrM
1175,bitcoin exchang file us bankruptci,dUtPmDoOKHwco0M4wh2hZy-Sx5CrM
1177,bitcoin exchang file bankruptci,dUtPmDoOKHwco0M4wh2hZy-Sx5CrM
1178,japanes bitcoin exchang mt gox file us bankruptci case,dUtPmDoOKHwco0M4wh2hZy-Sx5CrM
1179,mtgox file us bankruptci protect put lawsuit hold,dUtPmDoOKHwco0M4wh2hZy-Sx5CrM
1180,bitcoin trader hit mt gox crash,dUtPmDoOKHwco0M4wh2hZy-Sx5CrM
1181,mt gox bitcoin exchang seek bankruptci dalla,dUtPmDoOKHwco0M4wh2hZy-Sx5CrM
1182,japanes bitcoin exchang file us bankruptci case dalla,dUtPmDoOKHwco0M4wh2hZy-Sx5CrM
1183,bitcoin exchang file bankruptci us court,dUtPmDoOKHwco0M4wh2hZy-Sx5CrM
1184,legal fallout collaps japan mt gox bitcoin exchang prompt us,dUtPmDoOKHwco0M4wh2hZy-Sx5CrM
1185,updat mt gox file us bankruptci oppon call ruse,dUtPmDoOKHwco0M4wh2hZy-Sx5CrM
1186,bitcoin exchang mt gox file u bankruptci death spiral continu,dUtPmDoOKHwco0M4wh2hZy-Sx5CrM
1187,mt gox bankrupt accus hack oh,dUtPmDoOKHwco0M4wh2hZy-Sx5CrM
1188,japanes bitcoin exchang file us bankruptci case updat,dUtPmDoOKHwco0M4wh2hZy-Sx5CrM
1189,bitcoin exchang mt gox file bankruptci protect us,dUtPmDoOKHwco0M4wh2hZy-Sx5CrM
1190,million bitcoin heist may insid job,dUtPmDoOKHwco0M4wh2hZy-Sx5CrM
1191,mt gox get us bankruptci protect halt lawsuit,dUtPmDoOKHwco0M4wh2hZy-Sx5CrM
1192,bitcoin exchang mt gox file bankruptci us nd updat,dUtPmDoOKHwco0M4wh2hZy-Sx5CrM
1193,use hand govern bitcoin theft justifi,dUtPmDoOKHwco0M4wh2hZy-Sx5CrM
1194,mt gox file us bankruptci hacker publish compani record,dUtPmDoOKHwco0M4wh2hZy-Sx5CrM
1195,mt gox ceo lie massiv bitcoin theft accord alleg hacker,dUtPmDoOKHwco0M4wh2hZy-Sx5CrM
1196,time career chang bitcoin belov robber baron,dUtPmDoOKHwco0M4wh2hZy-Sx5CrM
1198,mt gox japanes bitcoin exchang file us bankruptci halt class action,dUtPmDoOKHwco0M4wh2hZy-Sx5CrM
1199,mt gox file us bankruptci protect bitcoin news roundup,dUtPmDoOKHwco0M4wh2hZy-Sx5CrM
1200,mt gox file us bankruptci halt class,dUtPmDoOKHwco0M4wh2hZy-Sx5CrM
1201,mt gox file bankruptci within us,dUtPmDoOKHwco0M4wh2hZy-Sx5CrM
1202,hacker break mt gox server claim compani still custom,dUtPmDoOKHwco0M4wh2hZy-Sx5CrM
1203,grain lower livestock mostli higher,dUtPmDoOKHwco0M4wh2hZy-Sx5CrM
1204,rate unchang weekli us treasuri auction,dUtPmDoOKHwco0M4wh2hZy-Sx5CrM
1205,mt gox file bankruptci us stop lawsuit,dUtPmDoOKHwco0M4wh2hZy-Sx5CrM
1206,bitcoin exchang file bankruptci protect dalla,dUtPmDoOKHwco0M4wh2hZy-Sx5CrM
1207,mt gox ceo hack day u bankruptci file,dUtPmDoOKHwco0M4wh2hZy-Sx5CrM
1208,mt gox bitcoin exchang file bankruptci us,dUtPmDoOKHwco0M4wh2hZy-Sx5CrM
1209,mt gox file us bankruptci halt class action suit,dUtPmDoOKHwco0M4wh2hZy-Sx5CrM
1210,hacker continu attack bitcoin exchang mt gox seek bankruptci,dUtPmDoOKHwco0M4wh2hZy-Sx5CrM
1211,bitcoin exchang mt gox file bankruptci us updat,dUtPmDoOKHwco0M4wh2hZy-Sx5CrM
1212,hacker attack blog mt gox bitcoin exchang ceo look proof fraud,dUtPmDoOKHwco0M4wh2hZy-Sx5CrM
1213,go bitcoin,dUtPmDoOKHwco0M4wh2hZy-Sx5CrM
1214,mtgox bitcoin databas leak onlin hacker crowdsourc clue,dUtPmDoOKHwco0M4wh2hZy-Sx5CrM
1215,bitcoin exchang currenc valu news mt gox hack leak excel,dUtPmDoOKHwco0M4wh2hZy-Sx5CrM
1216,saga continu mtgox file bankruptci us,dUtPmDoOKHwco0M4wh2hZy-Sx5CrM
1217,bitcoin news mt gox ceo accus hoard stolen coin,dUtPmDoOKHwco0M4wh2hZy-Sx5CrM
1218,mt gox hack claim show real custom balanc,dUtPmDoOKHwco0M4wh2hZy-Sx5CrM
1219,fail bitcoin exchang mt gox file bankruptci protect u halt,dUtPmDoOKHwco0M4wh2hZy-Sx5CrM
1221,march,dUtPmDoOKHwco0M4wh2hZy-Sx5CrM
1222,mt gox file bankruptci u ceo account hack,dUtPmDoOKHwco0M4wh2hZy-Sx5CrM
1223,queen bankruptci attorney bruce feinstein esq speak issu,dUtPmDoOKHwco0M4wh2hZy-Sx5CrM
1224,bitcoin exchang mt gox get hack accus underst loss,dUtPmDoOKHwco0M4wh2hZy-Sx5CrM
1225,bitcoin exchang mtgox hack time per second,dUtPmDoOKHwco0M4wh2hZy-Sx5CrM
1227,report mt gox face attack per second,dUtPmDoOKHwco0M4wh2hZy-Sx5CrM
